E:\tenant_management_system\.venv\Lib\site-packages\django\db\models\base.py:368: RuntimeWarning: Model 'core.globalsettings' was already registered. Reloading models is not advised as it can lead to inconsistencies, most notably with related models.
  new_class._meta.apps.register_model(new_class._meta.app_label, new_class)

(process:20388): GLib-GIO-WARNING **: 13:21:14.253: Unexpectedly, UWP app `Microsoft.OutlookForWindows_1.2026.225.0_x64__8wekyb3d8bbwe' (AUMId `Microsoft.OutlookForWindows_8wekyb3d8bbwe!Microsoft.OutlookforWindows') supports 4 extensions but has no verbs
E:\tenant_management_system\.venv\Lib\site-packages\django\db\models\base.py:368: RuntimeWarning: Model 'core.globalsettings' was already registered. Reloading models is not advised as it can lead to inconsistencies, most notably with related models.
  new_class._meta.apps.register_model(new_class._meta.app_label, new_class)
Watching for file changes with StatReloader
INFO Watching for file changes with StatReloader

(process:13032): GLib-GIO-WARNING **: 13:21:17.289: Unexpectedly, UWP app `Microsoft.OutlookForWindows_1.2026.225.0_x64__8wekyb3d8bbwe' (AUMId `Microsoft.OutlookForWindows_8wekyb3d8bbwe!Microsoft.OutlookforWindows') supports 4 extensions but has no verbs
INFO Active send_via_db line 201: smart_meter.utils.db_send.send_via_db
System check identified some issues:

WARNINGS:
?: (urls.W005) URL namespace 'accounts' isn't unique. You may not be able to reverse all URLs in this namespace
?: (urls.W005) URL namespace 'core' isn't unique. You may not be able to reverse all URLs in this namespace
?: (urls.W005) URL namespace 'dashboard' isn't unique. You may not be able to reverse all URLs in this namespace
?: (urls.W005) URL namespace 'documents' isn't unique. You may not be able to reverse all URLs in this namespace
?: (urls.W005) URL namespace 'expenses' isn't unique. You may not be able to reverse all URLs in this namespace
?: (urls.W005) URL namespace 'invoices' isn't unique. You may not be able to reverse all URLs in this namespace
?: (urls.W005) URL namespace 'leases' isn't unique. You may not be able to reverse all URLs in this namespace
?: (urls.W005) URL namespace 'notifications' isn't unique. You may not be able to reverse all URLs in this namespace
?: (urls.W005) URL namespace 'payments' isn't unique. You may not be able to reverse all URLs in this namespace
?: (urls.W005) URL namespace 'properties' isn't unique. You may not be able to reverse all URLs in this namespace
?: (urls.W005) URL namespace 'reports' isn't unique. You may not be able to reverse all URLs in this namespace
?: (urls.W005) URL namespace 'smart_meter' isn't unique. You may not be able to reverse all URLs in this namespace
?: (urls.W005) URL namespace 'tenants' isn't unique. You may not be able to reverse all URLs in this namespace
?: (urls.W005) URL namespace 'utilities' isn't unique. You may not be able to reverse all URLs in this namespace

System check identified 14 issues (0 silenced).
[16/May/2026 13:21:36] "GET /static/images/favicon.ico HTTP/1.1" 200 61981
[16/May/2026 13:21:36,355] - Broken pipe from ('192.168.100.28', 59141)
[16/May/2026 13:21:36] "GET /tms/settings/ HTTP/1.1" 200 73880
[16/May/2026 13:21:36] "GET /settings/ HTTP/1.1" 200 73880
[16/May/2026 13:21:36,765] - Broken pipe from ('192.168.100.28', 59142)
[16/May/2026 13:21:36,779] - Broken pipe from ('192.168.100.28', 59144)
Not Found: /tms/tms/leases/lease/79/photos/
WARNING Not Found: /tms/tms/leases/lease/79/photos/
[16/May/2026 13:28:57] "GET /tms/tms/leases/lease/79/photos/ HTTP/1.1" 404 19065
[16/May/2026 13:28:57] "GET /static/images/favicon.ico HTTP/1.1" 200 61981
[16/May/2026 13:28:59] "GET /tms/accounts/login/?next=/tms/tms/leases/lease/79/photos/ HTTP/1.1" 200 797
[16/May/2026 13:29:03] "POST /tms/accounts/login/?next=/tms/tms/leases/lease/79/photos/ HTTP/1.1" 302 0
Not Found: /tms/tms/leases/lease/79/photos/
WARNING Not Found: /tms/tms/leases/lease/79/photos/
[16/May/2026 13:29:03] "GET /tms/tms/leases/lease/79/photos/ HTTP/1.1" 404 19065
[16/May/2026 13:29:06] "GET / HTTP/1.1" 200 28139
[16/May/2026 13:29:06] "GET /static/leases/css/base.css HTTP/1.1" 200 29
[16/May/2026 13:29:06] "GET /static/leases/css/style.css HTTP/1.1" 200 60
[16/May/2026 13:29:06] "GET /static/css/tenant_table.css HTTP/1.1" 200 654
[16/May/2026 13:29:06] "GET /static/css/styles.css HTTP/1.1" 200 45
[16/May/2026 13:29:06] "GET /static/images/logo.png HTTP/1.1" 200 8578
[16/May/2026 13:29:10] "GET /leases/ HTTP/1.1" 200 165616
[16/May/2026 13:29:12] "GET /leases/79/ HTTP/1.1" 200 39268
E:\tenant_management_system\leases\models_renewal.py changed, reloading.
INFO E:\tenant_management_system\leases\models_renewal.py changed, reloading.
E:\tenant_management_system\.venv\Lib\site-packages\django\db\models\base.py:368: RuntimeWarning: Model 'core.globalsettings' was already registered. Reloading models is not advised as it can lead to inconsistencies, most notably with related models.
  new_class._meta.apps.register_model(new_class._meta.app_label, new_class)
Watching for file changes with StatReloader
INFO Watching for file changes with StatReloader

(process:980): GLib-GIO-WARNING **: 13:47:19.646: Unexpectedly, UWP app `Microsoft.OutlookForWindows_1.2026.225.0_x64__8wekyb3d8bbwe' (AUMId `Microsoft.OutlookForWindows_8wekyb3d8bbwe!Microsoft.OutlookforWindows') supports 4 extensions but has no verbs
INFO Active send_via_db line 201: smart_meter.utils.db_send.send_via_db
System check identified some issues:

WARNINGS:
?: (urls.W005) URL namespace 'accounts' isn't unique. You may not be able to reverse all URLs in this namespace
?: (urls.W005) URL namespace 'core' isn't unique. You may not be able to reverse all URLs in this namespace
?: (urls.W005) URL namespace 'dashboard' isn't unique. You may not be able to reverse all URLs in this namespace
?: (urls.W005) URL namespace 'documents' isn't unique. You may not be able to reverse all URLs in this namespace
?: (urls.W005) URL namespace 'expenses' isn't unique. You may not be able to reverse all URLs in this namespace
?: (urls.W005) URL namespace 'invoices' isn't unique. You may not be able to reverse all URLs in this namespace
?: (urls.W005) URL namespace 'leases' isn't unique. You may not be able to reverse all URLs in this namespace
?: (urls.W005) URL namespace 'notifications' isn't unique. You may not be able to reverse all URLs in this namespace
?: (urls.W005) URL namespace 'payments' isn't unique. You may not be able to reverse all URLs in this namespace
?: (urls.W005) URL namespace 'properties' isn't unique. You may not be able to reverse all URLs in this namespace
?: (urls.W005) URL namespace 'reports' isn't unique. You may not be able to reverse all URLs in this namespace
?: (urls.W005) URL namespace 'smart_meter' isn't unique. You may not be able to reverse all URLs in this namespace
?: (urls.W005) URL namespace 'tenants' isn't unique. You may not be able to reverse all URLs in this namespace
?: (urls.W005) URL namespace 'utilities' isn't unique. You may not be able to reverse all URLs in this namespace

System check identified 14 issues (0 silenced).
E:\tenant_management_system\leases\forms_renewal.py changed, reloading.
INFO E:\tenant_management_system\leases\forms_renewal.py changed, reloading.
E:\tenant_management_system\.venv\Lib\site-packages\django\db\models\base.py:368: RuntimeWarning: Model 'core.globalsettings' was already registered. Reloading models is not advised as it can lead to inconsistencies, most notably with related models.
  new_class._meta.apps.register_model(new_class._meta.app_label, new_class)
Watching for file changes with StatReloader
INFO Watching for file changes with StatReloader

(process:21404): GLib-GIO-WARNING **: 13:47:46.178: Unexpectedly, UWP app `Microsoft.OutlookForWindows_1.2026.225.0_x64__8wekyb3d8bbwe' (AUMId `Microsoft.OutlookForWindows_8wekyb3d8bbwe!Microsoft.OutlookforWindows') supports 4 extensions but has no verbs
INFO Active send_via_db line 201: smart_meter.utils.db_send.send_via_db
System check identified some issues:

WARNINGS:
?: (urls.W005) URL namespace 'accounts' isn't unique. You may not be able to reverse all URLs in this namespace
?: (urls.W005) URL namespace 'core' isn't unique. You may not be able to reverse all URLs in this namespace
?: (urls.W005) URL namespace 'dashboard' isn't unique. You may not be able to reverse all URLs in this namespace
?: (urls.W005) URL namespace 'documents' isn't unique. You may not be able to reverse all URLs in this namespace
?: (urls.W005) URL namespace 'expenses' isn't unique. You may not be able to reverse all URLs in this namespace
?: (urls.W005) URL namespace 'invoices' isn't unique. You may not be able to reverse all URLs in this namespace
?: (urls.W005) URL namespace 'leases' isn't unique. You may not be able to reverse all URLs in this namespace
?: (urls.W005) URL namespace 'notifications' isn't unique. You may not be able to reverse all URLs in this namespace
?: (urls.W005) URL namespace 'payments' isn't unique. You may not be able to reverse all URLs in this namespace
?: (urls.W005) URL namespace 'properties' isn't unique. You may not be able to reverse all URLs in this namespace
?: (urls.W005) URL namespace 'reports' isn't unique. You may not be able to reverse all URLs in this namespace
?: (urls.W005) URL namespace 'smart_meter' isn't unique. You may not be able to reverse all URLs in this namespace
?: (urls.W005) URL namespace 'tenants' isn't unique. You may not be able to reverse all URLs in this namespace
?: (urls.W005) URL namespace 'utilities' isn't unique. You may not be able to reverse all URLs in this namespace

System check identified 14 issues (0 silenced).
E:\tenant_management_system\leases\views_renewal.py changed, reloading.
INFO E:\tenant_management_system\leases\views_renewal.py changed, reloading.
E:\tenant_management_system\.venv\Lib\site-packages\django\db\models\base.py:368: RuntimeWarning: Model 'core.globalsettings' was already registered. Reloading models is not advised as it can lead to inconsistencies, most notably with related models.
  new_class._meta.apps.register_model(new_class._meta.app_label, new_class)
Watching for file changes with StatReloader
INFO Watching for file changes with StatReloader

(process:22400): GLib-GIO-WARNING **: 13:49:00.824: Unexpectedly, UWP app `Microsoft.OutlookForWindows_1.2026.225.0_x64__8wekyb3d8bbwe' (AUMId `Microsoft.OutlookForWindows_8wekyb3d8bbwe!Microsoft.OutlookforWindows') supports 4 extensions but has no verbs
INFO Active send_via_db line 201: smart_meter.utils.db_send.send_via_db
System check identified some issues:

WARNINGS:
?: (urls.W005) URL namespace 'accounts' isn't unique. You may not be able to reverse all URLs in this namespace
?: (urls.W005) URL namespace 'core' isn't unique. You may not be able to reverse all URLs in this namespace
?: (urls.W005) URL namespace 'dashboard' isn't unique. You may not be able to reverse all URLs in this namespace
?: (urls.W005) URL namespace 'documents' isn't unique. You may not be able to reverse all URLs in this namespace
?: (urls.W005) URL namespace 'expenses' isn't unique. You may not be able to reverse all URLs in this namespace
?: (urls.W005) URL namespace 'invoices' isn't unique. You may not be able to reverse all URLs in this namespace
?: (urls.W005) URL namespace 'leases' isn't unique. You may not be able to reverse all URLs in this namespace
?: (urls.W005) URL namespace 'notifications' isn't unique. You may not be able to reverse all URLs in this namespace
?: (urls.W005) URL namespace 'payments' isn't unique. You may not be able to reverse all URLs in this namespace
?: (urls.W005) URL namespace 'properties' isn't unique. You may not be able to reverse all URLs in this namespace
?: (urls.W005) URL namespace 'reports' isn't unique. You may not be able to reverse all URLs in this namespace
?: (urls.W005) URL namespace 'smart_meter' isn't unique. You may not be able to reverse all URLs in this namespace
?: (urls.W005) URL namespace 'tenants' isn't unique. You may not be able to reverse all URLs in this namespace
?: (urls.W005) URL namespace 'utilities' isn't unique. You may not be able to reverse all URLs in this namespace

System check identified 14 issues (0 silenced).
E:\tenant_management_system\leases\views.py changed, reloading.
INFO E:\tenant_management_system\leases\views.py changed, reloading.
E:\tenant_management_system\.venv\Lib\site-packages\django\db\models\base.py:368: RuntimeWarning: Model 'core.globalsettings' was already registered. Reloading models is not advised as it can lead to inconsistencies, most notably with related models.
  new_class._meta.apps.register_model(new_class._meta.app_label, new_class)
Watching for file changes with StatReloader
INFO Watching for file changes with StatReloader

(process:4580): GLib-GIO-WARNING **: 13:49:25.385: Unexpectedly, UWP app `Microsoft.OutlookForWindows_1.2026.225.0_x64__8wekyb3d8bbwe' (AUMId `Microsoft.OutlookForWindows_8wekyb3d8bbwe!Microsoft.OutlookforWindows') supports 4 extensions but has no verbs
INFO Active send_via_db line 201: smart_meter.utils.db_send.send_via_db
System check identified some issues:

WARNINGS:
?: (urls.W005) URL namespace 'accounts' isn't unique. You may not be able to reverse all URLs in this namespace
?: (urls.W005) URL namespace 'core' isn't unique. You may not be able to reverse all URLs in this namespace
?: (urls.W005) URL namespace 'dashboard' isn't unique. You may not be able to reverse all URLs in this namespace
?: (urls.W005) URL namespace 'documents' isn't unique. You may not be able to reverse all URLs in this namespace
?: (urls.W005) URL namespace 'expenses' isn't unique. You may not be able to reverse all URLs in this namespace
?: (urls.W005) URL namespace 'invoices' isn't unique. You may not be able to reverse all URLs in this namespace
?: (urls.W005) URL namespace 'leases' isn't unique. You may not be able to reverse all URLs in this namespace
?: (urls.W005) URL namespace 'notifications' isn't unique. You may not be able to reverse all URLs in this namespace
?: (urls.W005) URL namespace 'payments' isn't unique. You may not be able to reverse all URLs in this namespace
?: (urls.W005) URL namespace 'properties' isn't unique. You may not be able to reverse all URLs in this namespace
?: (urls.W005) URL namespace 'reports' isn't unique. You may not be able to reverse all URLs in this namespace
?: (urls.W005) URL namespace 'smart_meter' isn't unique. You may not be able to reverse all URLs in this namespace
?: (urls.W005) URL namespace 'tenants' isn't unique. You may not be able to reverse all URLs in this namespace
?: (urls.W005) URL namespace 'utilities' isn't unique. You may not be able to reverse all URLs in this namespace

System check identified 14 issues (0 silenced).
E:\tenant_management_system\leases\views.py changed, reloading.
INFO E:\tenant_management_system\leases\views.py changed, reloading.
E:\tenant_management_system\.venv\Lib\site-packages\django\db\models\base.py:368: RuntimeWarning: Model 'core.globalsettings' was already registered. Reloading models is not advised as it can lead to inconsistencies, most notably with related models.
  new_class._meta.apps.register_model(new_class._meta.app_label, new_class)
Watching for file changes with StatReloader
INFO Watching for file changes with StatReloader

(process:9172): GLib-GIO-WARNING **: 13:49:34.466: Unexpectedly, UWP app `Microsoft.OutlookForWindows_1.2026.225.0_x64__8wekyb3d8bbwe' (AUMId `Microsoft.OutlookForWindows_8wekyb3d8bbwe!Microsoft.OutlookforWindows') supports 4 extensions but has no verbs
INFO Active send_via_db line 201: smart_meter.utils.db_send.send_via_db
System check identified some issues:

WARNINGS:
?: (urls.W005) URL namespace 'accounts' isn't unique. You may not be able to reverse all URLs in this namespace
?: (urls.W005) URL namespace 'core' isn't unique. You may not be able to reverse all URLs in this namespace
?: (urls.W005) URL namespace 'dashboard' isn't unique. You may not be able to reverse all URLs in this namespace
?: (urls.W005) URL namespace 'documents' isn't unique. You may not be able to reverse all URLs in this namespace
?: (urls.W005) URL namespace 'expenses' isn't unique. You may not be able to reverse all URLs in this namespace
?: (urls.W005) URL namespace 'invoices' isn't unique. You may not be able to reverse all URLs in this namespace
?: (urls.W005) URL namespace 'leases' isn't unique. You may not be able to reverse all URLs in this namespace
?: (urls.W005) URL namespace 'notifications' isn't unique. You may not be able to reverse all URLs in this namespace
?: (urls.W005) URL namespace 'payments' isn't unique. You may not be able to reverse all URLs in this namespace
?: (urls.W005) URL namespace 'properties' isn't unique. You may not be able to reverse all URLs in this namespace
?: (urls.W005) URL namespace 'reports' isn't unique. You may not be able to reverse all URLs in this namespace
?: (urls.W005) URL namespace 'smart_meter' isn't unique. You may not be able to reverse all URLs in this namespace
?: (urls.W005) URL namespace 'tenants' isn't unique. You may not be able to reverse all URLs in this namespace
?: (urls.W005) URL namespace 'utilities' isn't unique. You may not be able to reverse all URLs in this namespace

System check identified 14 issues (0 silenced).
E:\tenant_management_system\leases\urls.py changed, reloading.
INFO E:\tenant_management_system\leases\urls.py changed, reloading.
E:\tenant_management_system\.venv\Lib\site-packages\django\db\models\base.py:368: RuntimeWarning: Model 'core.globalsettings' was already registered. Reloading models is not advised as it can lead to inconsistencies, most notably with related models.
  new_class._meta.apps.register_model(new_class._meta.app_label, new_class)
Watching for file changes with StatReloader
INFO Watching for file changes with StatReloader

(process:22500): GLib-GIO-WARNING **: 13:49:52.219: Unexpectedly, UWP app `Microsoft.OutlookForWindows_1.2026.225.0_x64__8wekyb3d8bbwe' (AUMId `Microsoft.OutlookForWindows_8wekyb3d8bbwe!Microsoft.OutlookforWindows') supports 4 extensions but has no verbs
INFO Active send_via_db line 201: smart_meter.utils.db_send.send_via_db
System check identified some issues:

WARNINGS:
?: (urls.W005) URL namespace 'accounts' isn't unique. You may not be able to reverse all URLs in this namespace
?: (urls.W005) URL namespace 'core' isn't unique. You may not be able to reverse all URLs in this namespace
?: (urls.W005) URL namespace 'dashboard' isn't unique. You may not be able to reverse all URLs in this namespace
?: (urls.W005) URL namespace 'documents' isn't unique. You may not be able to reverse all URLs in this namespace
?: (urls.W005) URL namespace 'expenses' isn't unique. You may not be able to reverse all URLs in this namespace
?: (urls.W005) URL namespace 'invoices' isn't unique. You may not be able to reverse all URLs in this namespace
?: (urls.W005) URL namespace 'leases' isn't unique. You may not be able to reverse all URLs in this namespace
?: (urls.W005) URL namespace 'notifications' isn't unique. You may not be able to reverse all URLs in this namespace
?: (urls.W005) URL namespace 'payments' isn't unique. You may not be able to reverse all URLs in this namespace
?: (urls.W005) URL namespace 'properties' isn't unique. You may not be able to reverse all URLs in this namespace
?: (urls.W005) URL namespace 'reports' isn't unique. You may not be able to reverse all URLs in this namespace
?: (urls.W005) URL namespace 'smart_meter' isn't unique. You may not be able to reverse all URLs in this namespace
?: (urls.W005) URL namespace 'tenants' isn't unique. You may not be able to reverse all URLs in this namespace
?: (urls.W005) URL namespace 'utilities' isn't unique. You may not be able to reverse all URLs in this namespace

System check identified 14 issues (0 silenced).
E:\tenant_management_system\leases\services\lease_history.py changed, reloading.
INFO E:\tenant_management_system\leases\services\lease_history.py changed, reloading.
E:\tenant_management_system\.venv\Lib\site-packages\django\db\models\base.py:368: RuntimeWarning: Model 'core.globalsettings' was already registered. Reloading models is not advised as it can lead to inconsistencies, most notably with related models.
  new_class._meta.apps.register_model(new_class._meta.app_label, new_class)
Watching for file changes with StatReloader
INFO Watching for file changes with StatReloader

(process:22180): GLib-GIO-WARNING **: 13:51:25.200: Unexpectedly, UWP app `Microsoft.OutlookForWindows_1.2026.225.0_x64__8wekyb3d8bbwe' (AUMId `Microsoft.OutlookForWindows_8wekyb3d8bbwe!Microsoft.OutlookforWindows') supports 4 extensions but has no verbs
INFO Active send_via_db line 201: smart_meter.utils.db_send.send_via_db
System check identified some issues:

WARNINGS:
?: (urls.W005) URL namespace 'accounts' isn't unique. You may not be able to reverse all URLs in this namespace
?: (urls.W005) URL namespace 'core' isn't unique. You may not be able to reverse all URLs in this namespace
?: (urls.W005) URL namespace 'dashboard' isn't unique. You may not be able to reverse all URLs in this namespace
?: (urls.W005) URL namespace 'documents' isn't unique. You may not be able to reverse all URLs in this namespace
?: (urls.W005) URL namespace 'expenses' isn't unique. You may not be able to reverse all URLs in this namespace
?: (urls.W005) URL namespace 'invoices' isn't unique. You may not be able to reverse all URLs in this namespace
?: (urls.W005) URL namespace 'leases' isn't unique. You may not be able to reverse all URLs in this namespace
?: (urls.W005) URL namespace 'notifications' isn't unique. You may not be able to reverse all URLs in this namespace
?: (urls.W005) URL namespace 'payments' isn't unique. You may not be able to reverse all URLs in this namespace
?: (urls.W005) URL namespace 'properties' isn't unique. You may not be able to reverse all URLs in this namespace
?: (urls.W005) URL namespace 'reports' isn't unique. You may not be able to reverse all URLs in this namespace
?: (urls.W005) URL namespace 'smart_meter' isn't unique. You may not be able to reverse all URLs in this namespace
?: (urls.W005) URL namespace 'tenants' isn't unique. You may not be able to reverse all URLs in this namespace
?: (urls.W005) URL namespace 'utilities' isn't unique. You may not be able to reverse all URLs in this namespace

System check identified 14 issues (0 silenced).
E:\tenant_management_system\leases\views_renewal.py changed, reloading.
INFO E:\tenant_management_system\leases\views_renewal.py changed, reloading.
E:\tenant_management_system\.venv\Lib\site-packages\django\db\models\base.py:368: RuntimeWarning: Model 'core.globalsettings' was already registered. Reloading models is not advised as it can lead to inconsistencies, most notably with related models.
  new_class._meta.apps.register_model(new_class._meta.app_label, new_class)
Watching for file changes with StatReloader
INFO Watching for file changes with StatReloader

(process:23524): GLib-GIO-WARNING **: 13:51:40.796: Unexpectedly, UWP app `Microsoft.OutlookForWindows_1.2026.225.0_x64__8wekyb3d8bbwe' (AUMId `Microsoft.OutlookForWindows_8wekyb3d8bbwe!Microsoft.OutlookforWindows') supports 4 extensions but has no verbs
INFO Active send_via_db line 201: smart_meter.utils.db_send.send_via_db
System check identified some issues:

WARNINGS:
?: (urls.W005) URL namespace 'accounts' isn't unique. You may not be able to reverse all URLs in this namespace
?: (urls.W005) URL namespace 'core' isn't unique. You may not be able to reverse all URLs in this namespace
?: (urls.W005) URL namespace 'dashboard' isn't unique. You may not be able to reverse all URLs in this namespace
?: (urls.W005) URL namespace 'documents' isn't unique. You may not be able to reverse all URLs in this namespace
?: (urls.W005) URL namespace 'expenses' isn't unique. You may not be able to reverse all URLs in this namespace
?: (urls.W005) URL namespace 'invoices' isn't unique. You may not be able to reverse all URLs in this namespace
?: (urls.W005) URL namespace 'leases' isn't unique. You may not be able to reverse all URLs in this namespace
?: (urls.W005) URL namespace 'notifications' isn't unique. You may not be able to reverse all URLs in this namespace
?: (urls.W005) URL namespace 'payments' isn't unique. You may not be able to reverse all URLs in this namespace
?: (urls.W005) URL namespace 'properties' isn't unique. You may not be able to reverse all URLs in this namespace
?: (urls.W005) URL namespace 'reports' isn't unique. You may not be able to reverse all URLs in this namespace
?: (urls.W005) URL namespace 'smart_meter' isn't unique. You may not be able to reverse all URLs in this namespace
?: (urls.W005) URL namespace 'tenants' isn't unique. You may not be able to reverse all URLs in this namespace
?: (urls.W005) URL namespace 'utilities' isn't unique. You may not be able to reverse all URLs in this namespace

System check identified 14 issues (0 silenced).
E:\tenant_management_system\leases\migrations\0029_leaserenewal_agreement_charges_and_more.py changed, reloading.
INFO E:\tenant_management_system\leases\migrations\0029_leaserenewal_agreement_charges_and_more.py changed, reloading.
E:\tenant_management_system\.venv\Lib\site-packages\django\db\models\base.py:368: RuntimeWarning: Model 'core.globalsettings' was already registered. Reloading models is not advised as it can lead to inconsistencies, most notably with related models.
  new_class._meta.apps.register_model(new_class._meta.app_label, new_class)
Watching for file changes with StatReloader
INFO Watching for file changes with StatReloader

(process:20276): GLib-GIO-WARNING **: 13:52:04.921: Unexpectedly, UWP app `Microsoft.OutlookForWindows_1.2026.225.0_x64__8wekyb3d8bbwe' (AUMId `Microsoft.OutlookForWindows_8wekyb3d8bbwe!Microsoft.OutlookforWindows') supports 4 extensions but has no verbs
INFO Active send_via_db line 201: smart_meter.utils.db_send.send_via_db
System check identified some issues:

WARNINGS:
?: (urls.W005) URL namespace 'accounts' isn't unique. You may not be able to reverse all URLs in this namespace
?: (urls.W005) URL namespace 'core' isn't unique. You may not be able to reverse all URLs in this namespace
?: (urls.W005) URL namespace 'dashboard' isn't unique. You may not be able to reverse all URLs in this namespace
?: (urls.W005) URL namespace 'documents' isn't unique. You may not be able to reverse all URLs in this namespace
?: (urls.W005) URL namespace 'expenses' isn't unique. You may not be able to reverse all URLs in this namespace
?: (urls.W005) URL namespace 'invoices' isn't unique. You may not be able to reverse all URLs in this namespace
?: (urls.W005) URL namespace 'leases' isn't unique. You may not be able to reverse all URLs in this namespace
?: (urls.W005) URL namespace 'notifications' isn't unique. You may not be able to reverse all URLs in this namespace
?: (urls.W005) URL namespace 'payments' isn't unique. You may not be able to reverse all URLs in this namespace
?: (urls.W005) URL namespace 'properties' isn't unique. You may not be able to reverse all URLs in this namespace
?: (urls.W005) URL namespace 'reports' isn't unique. You may not be able to reverse all URLs in this namespace
?: (urls.W005) URL namespace 'smart_meter' isn't unique. You may not be able to reverse all URLs in this namespace
?: (urls.W005) URL namespace 'tenants' isn't unique. You may not be able to reverse all URLs in this namespace
?: (urls.W005) URL namespace 'utilities' isn't unique. You may not be able to reverse all URLs in this namespace

System check identified 14 issues (0 silenced).
E:\tenant_management_system\leases\views_renewal.py changed, reloading.
INFO E:\tenant_management_system\leases\views_renewal.py changed, reloading.
E:\tenant_management_system\.venv\Lib\site-packages\django\db\models\base.py:368: RuntimeWarning: Model 'core.globalsettings' was already registered. Reloading models is not advised as it can lead to inconsistencies, most notably with related models.
  new_class._meta.apps.register_model(new_class._meta.app_label, new_class)
Watching for file changes with StatReloader
INFO Watching for file changes with StatReloader

(process:17136): GLib-GIO-WARNING **: 13:52:16.483: Unexpectedly, UWP app `Microsoft.OutlookForWindows_1.2026.225.0_x64__8wekyb3d8bbwe' (AUMId `Microsoft.OutlookForWindows_8wekyb3d8bbwe!Microsoft.OutlookforWindows') supports 4 extensions but has no verbs
INFO Active send_via_db line 201: smart_meter.utils.db_send.send_via_db
System check identified some issues:

WARNINGS:
?: (urls.W005) URL namespace 'accounts' isn't unique. You may not be able to reverse all URLs in this namespace
?: (urls.W005) URL namespace 'core' isn't unique. You may not be able to reverse all URLs in this namespace
?: (urls.W005) URL namespace 'dashboard' isn't unique. You may not be able to reverse all URLs in this namespace
?: (urls.W005) URL namespace 'documents' isn't unique. You may not be able to reverse all URLs in this namespace
?: (urls.W005) URL namespace 'expenses' isn't unique. You may not be able to reverse all URLs in this namespace
?: (urls.W005) URL namespace 'invoices' isn't unique. You may not be able to reverse all URLs in this namespace
?: (urls.W005) URL namespace 'leases' isn't unique. You may not be able to reverse all URLs in this namespace
?: (urls.W005) URL namespace 'notifications' isn't unique. You may not be able to reverse all URLs in this namespace
?: (urls.W005) URL namespace 'payments' isn't unique. You may not be able to reverse all URLs in this namespace
?: (urls.W005) URL namespace 'properties' isn't unique. You may not be able to reverse all URLs in this namespace
?: (urls.W005) URL namespace 'reports' isn't unique. You may not be able to reverse all URLs in this namespace
?: (urls.W005) URL namespace 'smart_meter' isn't unique. You may not be able to reverse all URLs in this namespace
?: (urls.W005) URL namespace 'tenants' isn't unique. You may not be able to reverse all URLs in this namespace
?: (urls.W005) URL namespace 'utilities' isn't unique. You may not be able to reverse all URLs in this namespace

System check identified 14 issues (0 silenced).
[16/May/2026 13:56:06] "GET /tms/leases/ HTTP/1.1" 200 165616
[16/May/2026 13:56:09] "GET /leases/78/ HTTP/1.1" 200 39323
[16/May/2026 13:56:36] "GET /leases/78/renewals/64/ HTTP/1.1" 200 30485
[16/May/2026 13:56:58] "GET /leases/78/renewals/64/edit/ HTTP/1.1" 200 24868
DEBUG Reading 'maxp' table from disk
DEBUG Decompiling 'maxp' table
DEBUG Took 0.003s to load 'maxp'
DEBUG Took 0.000s to prune 'maxp'
INFO maxp pruned
INFO LTSH dropped
INFO VDMX dropped
INFO hdmx dropped
DEBUG Reading 'cmap' table from disk
DEBUG Decompiling 'cmap' table
DEBUG Took 0.002s to load 'cmap'
DEBUG Took 0.000s to prune 'cmap'
INFO cmap pruned
INFO fpgm dropped
INFO prep dropped
INFO cvt  dropped
INFO kern dropped
DEBUG Reading 'post' table from disk
DEBUG Decompiling 'post' table
DEBUG Took 0.004s to load 'post'
DEBUG Took 0.000s to prune 'post'
INFO post pruned
INFO PCLT dropped
INFO JSTF dropped
INFO DSIG dropped
INFO GPOS dropped
INFO GSUB dropped
DEBUG Reading 'glyf' table from disk
DEBUG Decompiling 'glyf' table
DEBUG Reading 'loca' table from disk
DEBUG Decompiling 'loca' table
DEBUG Reading 'head' table from disk
DEBUG Decompiling 'head' table
DEBUG Reading 'cmap' table from disk
DEBUG Decompiling 'cmap' table
DEBUG Took 0.047s to load 'glyf'
DEBUG Took 0.000s to prune 'glyf'
INFO glyf pruned
DEBUG Took 0.004s to close glyph list over 'cmap'
INFO Added gid0 to subset
INFO Closing glyph list over 'glyf': 44 glyphs before
INFO Glyph names: ['.notdef', 'A', 'C', 'D', 'I', 'L', 'M', 'P', 'R', 'S', 'T', 'U', 'W', 'a', 'c', 'd', 'e', 'eight', 'five', 'four', 'g', 'h', 'i', 'l', 'm', 'n', 'nine', 'o', 'one', 'p', 'period', 'r', 's', 'seven', 'six', 'slash', 'space', 't', 'three', 'two', 'u', 'w', 'y', 'zero']
INFO Glyph IDs:   [0, 3, 17, 18, 19, 20, 21, 22, 23, 24, 25, 26, 27, 28, 36, 38, 39, 44, 47, 48, 51, 53, 54, 55, 56, 58, 68, 70, 71, 72, 74, 75, 76, 79, 80, 81, 82, 83, 85, 86, 87, 88, 90, 92]
INFO Closed glyph list over 'glyf': 44 glyphs after
INFO Glyph names: ['.notdef', 'A', 'C', 'D', 'I', 'L', 'M', 'P', 'R', 'S', 'T', 'U', 'W', 'a', 'c', 'd', 'e', 'eight', 'five', 'four', 'g', 'h', 'i', 'l', 'm', 'n', 'nine', 'o', 'one', 'p', 'period', 'r', 's', 'seven', 'six', 'slash', 'space', 't', 'three', 'two', 'u', 'w', 'y', 'zero']
INFO Glyph IDs:   [0, 3, 17, 18, 19, 20, 21, 22, 23, 24, 25, 26, 27, 28, 36, 38, 39, 44, 47, 48, 51, 53, 54, 55, 56, 58, 68, 70, 71, 72, 74, 75, 76, 79, 80, 81, 82, 83, 85, 86, 87, 88, 90, 92]
DEBUG Took 0.011s to close glyph list over 'glyf'
INFO Retaining 44 glyphs
INFO head subsetting not needed
INFO hhea subsetting not needed
INFO maxp subsetting not needed
INFO OS/2 subsetting not needed
DEBUG Reading 'hmtx' table from disk
DEBUG Decompiling 'hmtx' table
DEBUG Reading 'hhea' table from disk
DEBUG Decompiling 'hhea' table
DEBUG Took 0.121s to subset 'hmtx'
INFO hmtx subsetted
DEBUG Took 0.001s to subset 'cmap'
INFO cmap subsetted
INFO loca subsetting not needed
DEBUG Took 0.000s to subset 'post'
INFO post subsetted
INFO gasp subsetting not needed
INFO meta NOT subset; don't know how to subset
DEBUG Reading 'GDEF' table from disk
DEBUG Decompiling 'GDEF' table
DEBUG Took 0.005s to subset 'GDEF'
INFO GDEF subsetted
INFO name subsetting not needed
DEBUG Took 0.001s to subset 'glyf'
INFO glyf subsetted
DEBUG Took 0.000s to subset GlyphOrder
DEBUG Took 0.000s to prune 'head'
INFO head pruned
DEBUG Reading 'OS/2' table from disk
DEBUG Decompiling 'OS/2' table
INFO OS/2 Unicode ranges pruned: [0, 1]
INFO OS/2 CodePage ranges pruned: [0]
DEBUG Took 0.001s to prune 'glyf'
INFO glyf pruned
DEBUG Took 0.000s to prune 'GDEF'
INFO GDEF pruned
DEBUG Reading 'name' table from disk
DEBUG Decompiling 'name' table
DEBUG Reading 'gasp' table from disk
DEBUG Decompiling 'gasp' table
DEBUG Reading 'meta' table from disk
DEBUG Decompiling 'meta' table
DEBUG Took 0.006s to prune 'name'
INFO name pruned
DEBUG Reading 'maxp' table from disk
DEBUG Decompiling 'maxp' table
DEBUG Took 0.003s to load 'maxp'
DEBUG Took 0.000s to prune 'maxp'
INFO maxp pruned
INFO LTSH dropped
INFO VDMX dropped
INFO hdmx dropped
DEBUG Reading 'cmap' table from disk
DEBUG Decompiling 'cmap' table
DEBUG Took 0.002s to load 'cmap'
DEBUG Took 0.000s to prune 'cmap'
INFO cmap pruned
INFO fpgm dropped
INFO prep dropped
INFO cvt  dropped
INFO kern dropped
DEBUG Reading 'post' table from disk
DEBUG Decompiling 'post' table
DEBUG Took 0.003s to load 'post'
DEBUG Took 0.000s to prune 'post'
INFO post pruned
INFO PCLT dropped
INFO JSTF dropped
INFO DSIG dropped
INFO GPOS dropped
INFO GSUB dropped
DEBUG Reading 'glyf' table from disk
DEBUG Decompiling 'glyf' table
DEBUG Reading 'loca' table from disk
DEBUG Decompiling 'loca' table
DEBUG Reading 'head' table from disk
DEBUG Decompiling 'head' table
DEBUG Reading 'cmap' table from disk
DEBUG Decompiling 'cmap' table
DEBUG Took 0.027s to load 'glyf'
DEBUG Took 0.000s to prune 'glyf'
INFO glyf pruned
DEBUG Took 0.005s to close glyph list over 'cmap'
INFO Added gid0 to subset
INFO Closing glyph list over 'glyf': 74 glyphs before
INFO Glyph names: ['.notdef', 'A', 'B', 'C', 'D', 'E', 'F', 'G', 'H', 'I', 'K', 'L', 'M', 'N', 'O', 'P', 'R', 'S', 'T', 'U', 'V', 'W', 'X', 'Y', 'a', 'at', 'b', 'bracketleft', 'bracketright', 'c', 'comma', 'd', 'e', 'eight', 'f', 'five', 'four', 'g', 'h', 'hyphen', 'i', 'j', 'k', 'l', 'm', 'n', 'nine', 'numbersign', 'o', 'one', 'p', 'parenleft', 'parenright', 'percent', 'period', 'q', 'quotesingle', 'r', 's', 'seven', 'six', 'slash', 'space', 't', 'three', 'two', 'u', 'underscore', 'v', 'w', 'x', 'y', 'z', 'zero']
INFO Glyph IDs:   [0, 3, 6, 8, 10, 11, 12, 15, 16, 17, 18, 19, 20, 21, 22, 23, 24, 25, 26, 27, 28, 35, 36, 37, 38, 39, 40, 41, 42, 43, 44, 46, 47, 48, 49, 50, 51, 53, 54, 55, 56, 57, 58, 59, 60, 62, 64, 66, 68, 69, 70, 71, 72, 73, 74, 75, 76, 77, 78, 79, 80, 81, 82, 83, 84, 85, 86, 87, 88, 89, 90, 91, 92, 93]
INFO Closed glyph list over 'glyf': 74 glyphs after
INFO Glyph names: ['.notdef', 'A', 'B', 'C', 'D', 'E', 'F', 'G', 'H', 'I', 'K', 'L', 'M', 'N', 'O', 'P', 'R', 'S', 'T', 'U', 'V', 'W', 'X', 'Y', 'a', 'at', 'b', 'bracketleft', 'bracketright', 'c', 'comma', 'd', 'e', 'eight', 'f', 'five', 'four', 'g', 'h', 'hyphen', 'i', 'j', 'k', 'l', 'm', 'n', 'nine', 'numbersign', 'o', 'one', 'p', 'parenleft', 'parenright', 'percent', 'period', 'q', 'quotesingle', 'r', 's', 'seven', 'six', 'slash', 'space', 't', 'three', 'two', 'u', 'underscore', 'v', 'w', 'x', 'y', 'z', 'zero']
INFO Glyph IDs:   [0, 3, 6, 8, 10, 11, 12, 15, 16, 17, 18, 19, 20, 21, 22, 23, 24, 25, 26, 27, 28, 35, 36, 37, 38, 39, 40, 41, 42, 43, 44, 46, 47, 48, 49, 50, 51, 53, 54, 55, 56, 57, 58, 59, 60, 62, 64, 66, 68, 69, 70, 71, 72, 73, 74, 75, 76, 77, 78, 79, 80, 81, 82, 83, 84, 85, 86, 87, 88, 89, 90, 91, 92, 93]
DEBUG Took 0.007s to close glyph list over 'glyf'
INFO Retaining 74 glyphs
INFO head subsetting not needed
INFO hhea subsetting not needed
INFO maxp subsetting not needed
INFO OS/2 subsetting not needed
DEBUG Reading 'hmtx' table from disk
DEBUG Decompiling 'hmtx' table
DEBUG Reading 'hhea' table from disk
DEBUG Decompiling 'hhea' table
DEBUG Took 0.008s to subset 'hmtx'
INFO hmtx subsetted
DEBUG Took 0.001s to subset 'cmap'
INFO cmap subsetted
INFO loca subsetting not needed
DEBUG Took 0.000s to subset 'post'
INFO post subsetted
INFO gasp subsetting not needed
INFO meta NOT subset; don't know how to subset
DEBUG Reading 'GDEF' table from disk
DEBUG Decompiling 'GDEF' table
DEBUG Took 0.005s to subset 'GDEF'
INFO GDEF subsetted
INFO name subsetting not needed
DEBUG Took 0.001s to subset 'glyf'
INFO glyf subsetted
DEBUG Took 0.000s to subset GlyphOrder
DEBUG Took 0.000s to prune 'head'
INFO head pruned
DEBUG Reading 'OS/2' table from disk
DEBUG Decompiling 'OS/2' table
INFO OS/2 Unicode ranges pruned: [0, 1]
INFO OS/2 CodePage ranges pruned: [0]
DEBUG Took 0.001s to prune 'glyf'
INFO glyf pruned
DEBUG Took 0.000s to prune 'GDEF'
INFO GDEF pruned
DEBUG Reading 'name' table from disk
DEBUG Decompiling 'name' table
DEBUG Reading 'gasp' table from disk
DEBUG Decompiling 'gasp' table
DEBUG Reading 'meta' table from disk
DEBUG Decompiling 'meta' table
DEBUG Took 0.007s to prune 'name'
INFO name pruned
[16/May/2026 13:58:54] "GET /leases/78/renewals/64/agreement/ HTTP/1.1" 302 0
[16/May/2026 13:58:54] "GET /leases/78/ HTTP/1.1" 200 39640
[16/May/2026 13:58:58] "GET /media/leases/renewals/78/renewal_1/lease_78_renewal_1_agreement.pdf HTTP/1.1" 200 18847
DEBUG Reading 'maxp' table from disk
DEBUG Decompiling 'maxp' table
DEBUG Took 0.002s to load 'maxp'
DEBUG Took 0.000s to prune 'maxp'
INFO maxp pruned
INFO LTSH dropped
INFO VDMX dropped
INFO hdmx dropped
DEBUG Reading 'cmap' table from disk
DEBUG Decompiling 'cmap' table
DEBUG Took 0.003s to load 'cmap'
DEBUG Took 0.000s to prune 'cmap'
INFO cmap pruned
INFO fpgm dropped
INFO prep dropped
INFO cvt  dropped
INFO kern dropped
DEBUG Reading 'post' table from disk
DEBUG Decompiling 'post' table
DEBUG Took 0.002s to load 'post'
DEBUG Took 0.000s to prune 'post'
INFO post pruned
INFO PCLT dropped
INFO JSTF dropped
INFO DSIG dropped
INFO GPOS dropped
INFO GSUB dropped
DEBUG Reading 'glyf' table from disk
DEBUG Decompiling 'glyf' table
DEBUG Reading 'loca' table from disk
DEBUG Decompiling 'loca' table
DEBUG Reading 'head' table from disk
DEBUG Decompiling 'head' table
DEBUG Reading 'cmap' table from disk
DEBUG Decompiling 'cmap' table
DEBUG Took 0.027s to load 'glyf'
DEBUG Took 0.000s to prune 'glyf'
INFO glyf pruned
DEBUG Took 0.004s to close glyph list over 'cmap'
INFO Added gid0 to subset
INFO Closing glyph list over 'glyf': 58 glyphs before
INFO Glyph names: ['.notdef', 'A', 'C', 'D', 'E', 'F', 'G', 'H', 'I', 'J', 'K', 'L', 'M', 'N', 'O', 'P', 'R', 'S', 'T', 'W', 'a', 'b', 'c', 'colon', 'comma', 'd', 'e', 'eight', 'five', 'four', 'g', 'h', 'hyphen', 'i', 'j', 'l', 'm', 'n', 'nine', 'numbersign', 'o', 'one', 'p', 'period', 'q', 'r', 's', 'seven', 'six', 'slash', 'space', 't', 'three', 'two', 'u', 'w', 'y', 'zero']
INFO Glyph IDs:   [0, 3, 6, 15, 16, 17, 18, 19, 20, 21, 22, 23, 24, 25, 26, 27, 28, 29, 36, 38, 39, 40, 41, 42, 43, 44, 45, 46, 47, 48, 49, 50, 51, 53, 54, 55, 58, 68, 69, 70, 71, 72, 74, 75, 76, 77, 79, 80, 81, 82, 83, 84, 85, 86, 87, 88, 90, 92]
INFO Closed glyph list over 'glyf': 58 glyphs after
INFO Glyph names: ['.notdef', 'A', 'C', 'D', 'E', 'F', 'G', 'H', 'I', 'J', 'K', 'L', 'M', 'N', 'O', 'P', 'R', 'S', 'T', 'W', 'a', 'b', 'c', 'colon', 'comma', 'd', 'e', 'eight', 'five', 'four', 'g', 'h', 'hyphen', 'i', 'j', 'l', 'm', 'n', 'nine', 'numbersign', 'o', 'one', 'p', 'period', 'q', 'r', 's', 'seven', 'six', 'slash', 'space', 't', 'three', 'two', 'u', 'w', 'y', 'zero']
INFO Glyph IDs:   [0, 3, 6, 15, 16, 17, 18, 19, 20, 21, 22, 23, 24, 25, 26, 27, 28, 29, 36, 38, 39, 40, 41, 42, 43, 44, 45, 46, 47, 48, 49, 50, 51, 53, 54, 55, 58, 68, 69, 70, 71, 72, 74, 75, 76, 77, 79, 80, 81, 82, 83, 84, 85, 86, 87, 88, 90, 92]
DEBUG Took 0.007s to close glyph list over 'glyf'
INFO Retaining 58 glyphs
INFO head subsetting not needed
INFO hhea subsetting not needed
INFO maxp subsetting not needed
INFO OS/2 subsetting not needed
DEBUG Reading 'hmtx' table from disk
DEBUG Decompiling 'hmtx' table
DEBUG Reading 'hhea' table from disk
DEBUG Decompiling 'hhea' table
DEBUG Took 0.010s to subset 'hmtx'
INFO hmtx subsetted
DEBUG Took 0.001s to subset 'cmap'
INFO cmap subsetted
INFO loca subsetting not needed
DEBUG Took 0.000s to subset 'post'
INFO post subsetted
INFO gasp subsetting not needed
INFO meta NOT subset; don't know how to subset
DEBUG Reading 'GDEF' table from disk
DEBUG Decompiling 'GDEF' table
DEBUG Took 0.005s to subset 'GDEF'
INFO GDEF subsetted
INFO name subsetting not needed
DEBUG Took 0.001s to subset 'glyf'
INFO glyf subsetted
DEBUG Took 0.000s to subset GlyphOrder
DEBUG Took 0.000s to prune 'head'
INFO head pruned
DEBUG Reading 'OS/2' table from disk
DEBUG Decompiling 'OS/2' table
INFO OS/2 Unicode ranges pruned: [0, 1]
INFO OS/2 CodePage ranges pruned: [0]
DEBUG Took 0.001s to prune 'glyf'
INFO glyf pruned
DEBUG Took 0.000s to prune 'GDEF'
INFO GDEF pruned
DEBUG Reading 'name' table from disk
DEBUG Decompiling 'name' table
DEBUG Reading 'gasp' table from disk
DEBUG Decompiling 'gasp' table
DEBUG Reading 'meta' table from disk
DEBUG Decompiling 'meta' table
DEBUG Took 0.007s to prune 'name'
INFO name pruned
DEBUG Reading 'maxp' table from disk
DEBUG Decompiling 'maxp' table
DEBUG Took 0.004s to load 'maxp'
DEBUG Took 0.000s to prune 'maxp'
INFO maxp pruned
INFO LTSH dropped
INFO VDMX dropped
INFO hdmx dropped
DEBUG Reading 'cmap' table from disk
DEBUG Decompiling 'cmap' table
DEBUG Took 0.002s to load 'cmap'
DEBUG Took 0.000s to prune 'cmap'
INFO cmap pruned
INFO fpgm dropped
INFO prep dropped
INFO cvt  dropped
INFO kern dropped
DEBUG Reading 'post' table from disk
DEBUG Decompiling 'post' table
DEBUG Took 0.002s to load 'post'
DEBUG Took 0.000s to prune 'post'
INFO post pruned
INFO PCLT dropped
INFO JSTF dropped
INFO DSIG dropped
INFO GPOS dropped
INFO GSUB dropped
DEBUG Reading 'glyf' table from disk
DEBUG Decompiling 'glyf' table
DEBUG Reading 'loca' table from disk
DEBUG Decompiling 'loca' table
DEBUG Reading 'head' table from disk
DEBUG Decompiling 'head' table
DEBUG Reading 'cmap' table from disk
DEBUG Decompiling 'cmap' table
DEBUG Took 0.027s to load 'glyf'
DEBUG Took 0.000s to prune 'glyf'
INFO glyf pruned
DEBUG Took 0.005s to close glyph list over 'cmap'
INFO Added gid0 to subset
INFO Closing glyph list over 'glyf': 66 glyphs before
INFO Glyph names: ['.notdef', 'A', 'B', 'C', 'E', 'F', 'G', 'H', 'I', 'J', 'K', 'L', 'M', 'N', 'O', 'P', 'R', 'S', 'T', 'W', 'Z', 'a', 'b', 'c', 'colon', 'comma', 'd', 'e', 'eight', 'f', 'five', 'four', 'g', 'h', 'hyphen', 'i', 'j', 'k', 'l', 'm', 'n', 'nine', 'numbersign', 'o', 'one', 'p', 'parenleft', 'parenright', 'period', 'quotedbl', 'r', 's', 'seven', 'six', 'slash', 'space', 't', 'three', 'two', 'u', 'underscore', 'w', 'x', 'y', 'z', 'zero']
INFO Glyph IDs:   [0, 3, 5, 6, 11, 12, 15, 16, 17, 18, 19, 20, 21, 22, 23, 24, 25, 26, 27, 28, 29, 36, 37, 38, 40, 41, 42, 43, 44, 45, 46, 47, 48, 49, 50, 51, 53, 54, 55, 58, 61, 66, 68, 69, 70, 71, 72, 73, 74, 75, 76, 77, 78, 79, 80, 81, 82, 83, 85, 86, 87, 88, 90, 91, 92, 93]
INFO Closed glyph list over 'glyf': 66 glyphs after
INFO Glyph names: ['.notdef', 'A', 'B', 'C', 'E', 'F', 'G', 'H', 'I', 'J', 'K', 'L', 'M', 'N', 'O', 'P', 'R', 'S', 'T', 'W', 'Z', 'a', 'b', 'c', 'colon', 'comma', 'd', 'e', 'eight', 'f', 'five', 'four', 'g', 'h', 'hyphen', 'i', 'j', 'k', 'l', 'm', 'n', 'nine', 'numbersign', 'o', 'one', 'p', 'parenleft', 'parenright', 'period', 'quotedbl', 'r', 's', 'seven', 'six', 'slash', 'space', 't', 'three', 'two', 'u', 'underscore', 'w', 'x', 'y', 'z', 'zero']
INFO Glyph IDs:   [0, 3, 5, 6, 11, 12, 15, 16, 17, 18, 19, 20, 21, 22, 23, 24, 25, 26, 27, 28, 29, 36, 37, 38, 40, 41, 42, 43, 44, 45, 46, 47, 48, 49, 50, 51, 53, 54, 55, 58, 61, 66, 68, 69, 70, 71, 72, 73, 74, 75, 76, 77, 78, 79, 80, 81, 82, 83, 85, 86, 87, 88, 90, 91, 92, 93]
DEBUG Took 0.009s to close glyph list over 'glyf'
INFO Retaining 66 glyphs
INFO head subsetting not needed
INFO hhea subsetting not needed
INFO maxp subsetting not needed
INFO OS/2 subsetting not needed
DEBUG Reading 'hmtx' table from disk
DEBUG Decompiling 'hmtx' table
DEBUG Reading 'hhea' table from disk
DEBUG Decompiling 'hhea' table
DEBUG Took 0.008s to subset 'hmtx'
INFO hmtx subsetted
DEBUG Took 0.001s to subset 'cmap'
INFO cmap subsetted
INFO loca subsetting not needed
DEBUG Took 0.000s to subset 'post'
INFO post subsetted
INFO gasp subsetting not needed
INFO meta NOT subset; don't know how to subset
DEBUG Reading 'GDEF' table from disk
DEBUG Decompiling 'GDEF' table
DEBUG Took 0.005s to subset 'GDEF'
INFO GDEF subsetted
INFO name subsetting not needed
DEBUG Took 0.001s to subset 'glyf'
INFO glyf subsetted
DEBUG Took 0.000s to subset GlyphOrder
DEBUG Took 0.000s to prune 'head'
INFO head pruned
DEBUG Reading 'OS/2' table from disk
DEBUG Decompiling 'OS/2' table
INFO OS/2 Unicode ranges pruned: [0, 1]
INFO OS/2 CodePage ranges pruned: [0]
DEBUG Took 0.001s to prune 'glyf'
INFO glyf pruned
DEBUG Took 0.000s to prune 'GDEF'
INFO GDEF pruned
DEBUG Reading 'name' table from disk
DEBUG Decompiling 'name' table
DEBUG Reading 'gasp' table from disk
DEBUG Decompiling 'gasp' table
DEBUG Reading 'meta' table from disk
DEBUG Decompiling 'meta' table
DEBUG Took 0.007s to prune 'name'
INFO name pruned
[16/May/2026 13:59:11] "GET /leases/lease/78/edit-clauses/ HTTP/1.1" 200 71430
E:\tenant_management_system\leases\services\lease_history.py changed, reloading.
INFO E:\tenant_management_system\leases\services\lease_history.py changed, reloading.
E:\tenant_management_system\.venv\Lib\site-packages\django\db\models\base.py:368: RuntimeWarning: Model 'core.globalsettings' was already registered. Reloading models is not advised as it can lead to inconsistencies, most notably with related models.
  new_class._meta.apps.register_model(new_class._meta.app_label, new_class)
Watching for file changes with StatReloader
INFO Watching for file changes with StatReloader

(process:1544): GLib-GIO-WARNING **: 13:59:17.184: Unexpectedly, UWP app `Microsoft.OutlookForWindows_1.2026.225.0_x64__8wekyb3d8bbwe' (AUMId `Microsoft.OutlookForWindows_8wekyb3d8bbwe!Microsoft.OutlookforWindows') supports 4 extensions but has no verbs
INFO Active send_via_db line 201: smart_meter.utils.db_send.send_via_db
System check identified some issues:

WARNINGS:
?: (urls.W005) URL namespace 'accounts' isn't unique. You may not be able to reverse all URLs in this namespace
?: (urls.W005) URL namespace 'core' isn't unique. You may not be able to reverse all URLs in this namespace
?: (urls.W005) URL namespace 'dashboard' isn't unique. You may not be able to reverse all URLs in this namespace
?: (urls.W005) URL namespace 'documents' isn't unique. You may not be able to reverse all URLs in this namespace
?: (urls.W005) URL namespace 'expenses' isn't unique. You may not be able to reverse all URLs in this namespace
?: (urls.W005) URL namespace 'invoices' isn't unique. You may not be able to reverse all URLs in this namespace
?: (urls.W005) URL namespace 'leases' isn't unique. You may not be able to reverse all URLs in this namespace
?: (urls.W005) URL namespace 'notifications' isn't unique. You may not be able to reverse all URLs in this namespace
?: (urls.W005) URL namespace 'payments' isn't unique. You may not be able to reverse all URLs in this namespace
?: (urls.W005) URL namespace 'properties' isn't unique. You may not be able to reverse all URLs in this namespace
?: (urls.W005) URL namespace 'reports' isn't unique. You may not be able to reverse all URLs in this namespace
?: (urls.W005) URL namespace 'smart_meter' isn't unique. You may not be able to reverse all URLs in this namespace
?: (urls.W005) URL namespace 'tenants' isn't unique. You may not be able to reverse all URLs in this namespace
?: (urls.W005) URL namespace 'utilities' isn't unique. You may not be able to reverse all URLs in this namespace

System check identified 14 issues (0 silenced).
E:\tenant_management_system\leases\forms_renewal.py changed, reloading.
INFO E:\tenant_management_system\leases\forms_renewal.py changed, reloading.
E:\tenant_management_system\.venv\Lib\site-packages\django\db\models\base.py:368: RuntimeWarning: Model 'core.globalsettings' was already registered. Reloading models is not advised as it can lead to inconsistencies, most notably with related models.
  new_class._meta.apps.register_model(new_class._meta.app_label, new_class)
Watching for file changes with StatReloader
INFO Watching for file changes with StatReloader

(process:22952): GLib-GIO-WARNING **: 13:59:29.619: Unexpectedly, UWP app `Microsoft.OutlookForWindows_1.2026.225.0_x64__8wekyb3d8bbwe' (AUMId `Microsoft.OutlookForWindows_8wekyb3d8bbwe!Microsoft.OutlookforWindows') supports 4 extensions but has no verbs
INFO Active send_via_db line 201: smart_meter.utils.db_send.send_via_db
System check identified some issues:

WARNINGS:
?: (urls.W005) URL namespace 'accounts' isn't unique. You may not be able to reverse all URLs in this namespace
?: (urls.W005) URL namespace 'core' isn't unique. You may not be able to reverse all URLs in this namespace
?: (urls.W005) URL namespace 'dashboard' isn't unique. You may not be able to reverse all URLs in this namespace
?: (urls.W005) URL namespace 'documents' isn't unique. You may not be able to reverse all URLs in this namespace
?: (urls.W005) URL namespace 'expenses' isn't unique. You may not be able to reverse all URLs in this namespace
?: (urls.W005) URL namespace 'invoices' isn't unique. You may not be able to reverse all URLs in this namespace
?: (urls.W005) URL namespace 'leases' isn't unique. You may not be able to reverse all URLs in this namespace
?: (urls.W005) URL namespace 'notifications' isn't unique. You may not be able to reverse all URLs in this namespace
?: (urls.W005) URL namespace 'payments' isn't unique. You may not be able to reverse all URLs in this namespace
?: (urls.W005) URL namespace 'properties' isn't unique. You may not be able to reverse all URLs in this namespace
?: (urls.W005) URL namespace 'reports' isn't unique. You may not be able to reverse all URLs in this namespace
?: (urls.W005) URL namespace 'smart_meter' isn't unique. You may not be able to reverse all URLs in this namespace
?: (urls.W005) URL namespace 'tenants' isn't unique. You may not be able to reverse all URLs in this namespace
?: (urls.W005) URL namespace 'utilities' isn't unique. You may not be able to reverse all URLs in this namespace

System check identified 14 issues (0 silenced).
E:\tenant_management_system\leases\services\lease_history.py changed, reloading.
INFO E:\tenant_management_system\leases\services\lease_history.py changed, reloading.
E:\tenant_management_system\.venv\Lib\site-packages\django\db\models\base.py:368: RuntimeWarning: Model 'core.globalsettings' was already registered. Reloading models is not advised as it can lead to inconsistencies, most notably with related models.
  new_class._meta.apps.register_model(new_class._meta.app_label, new_class)
Watching for file changes with StatReloader
INFO Watching for file changes with StatReloader

(process:12912): GLib-GIO-WARNING **: 13:59:47.268: Unexpectedly, UWP app `Microsoft.OutlookForWindows_1.2026.225.0_x64__8wekyb3d8bbwe' (AUMId `Microsoft.OutlookForWindows_8wekyb3d8bbwe!Microsoft.OutlookforWindows') supports 4 extensions but has no verbs
INFO Active send_via_db line 201: smart_meter.utils.db_send.send_via_db
System check identified some issues:

WARNINGS:
?: (urls.W005) URL namespace 'accounts' isn't unique. You may not be able to reverse all URLs in this namespace
?: (urls.W005) URL namespace 'core' isn't unique. You may not be able to reverse all URLs in this namespace
?: (urls.W005) URL namespace 'dashboard' isn't unique. You may not be able to reverse all URLs in this namespace
?: (urls.W005) URL namespace 'documents' isn't unique. You may not be able to reverse all URLs in this namespace
?: (urls.W005) URL namespace 'expenses' isn't unique. You may not be able to reverse all URLs in this namespace
?: (urls.W005) URL namespace 'invoices' isn't unique. You may not be able to reverse all URLs in this namespace
?: (urls.W005) URL namespace 'leases' isn't unique. You may not be able to reverse all URLs in this namespace
?: (urls.W005) URL namespace 'notifications' isn't unique. You may not be able to reverse all URLs in this namespace
?: (urls.W005) URL namespace 'payments' isn't unique. You may not be able to reverse all URLs in this namespace
?: (urls.W005) URL namespace 'properties' isn't unique. You may not be able to reverse all URLs in this namespace
?: (urls.W005) URL namespace 'reports' isn't unique. You may not be able to reverse all URLs in this namespace
?: (urls.W005) URL namespace 'smart_meter' isn't unique. You may not be able to reverse all URLs in this namespace
?: (urls.W005) URL namespace 'tenants' isn't unique. You may not be able to reverse all URLs in this namespace
?: (urls.W005) URL namespace 'utilities' isn't unique. You may not be able to reverse all URLs in this namespace

System check identified 14 issues (0 silenced).
[16/May/2026 13:59:57] "GET /settings/ HTTP/1.1" 200 74531
[16/May/2026 14:00:00] "GET /leases/default-clauses/ HTTP/1.1" 200 20758
[16/May/2026 14:00:40] "GET /leases/default-clauses/add/ HTTP/1.1" 200 30839
[16/May/2026 14:01:08] "GET /leases/default-clauses/ HTTP/1.1" 200 20758
[16/May/2026 14:01:13] "GET /settings/ HTTP/1.1" 200 74531
[16/May/2026 14:01:29] "GET /leases/default-clauses/ HTTP/1.1" 200 20758
[16/May/2026 14:01:31] "GET /leases/default-clauses/add/ HTTP/1.1" 200 30839
[16/May/2026 14:01:52] "POST /leases/default-clauses/add/ HTTP/1.1" 302 0
[16/May/2026 14:01:52] "GET /leases/default-clauses/ HTTP/1.1" 200 21091
[16/May/2026 14:01:54] "GET /leases/default-clauses/1/edit/ HTTP/1.1" 200 30899
[16/May/2026 14:04:39] "GET /settings/ HTTP/1.1" 200 74531
[16/May/2026 14:04:42] "GET /leases/default-clauses/ HTTP/1.1" 200 35771
[16/May/2026 14:04:52] "GET /leases/default-clauses/13/edit/ HTTP/1.1" 200 31168
[16/May/2026 14:05:01] "GET /leases/ HTTP/1.1" 200 165616
[16/May/2026 14:05:03] "GET /leases/78/ HTTP/1.1" 200 39762
[16/May/2026 14:05:07] "GET /leases/78/renewals/64/edit/ HTTP/1.1" 200 24868
E:\tenant_management_system\leases\views.py changed, reloading.
INFO E:\tenant_management_system\leases\views.py changed, reloading.
E:\tenant_management_system\.venv\Lib\site-packages\django\db\models\base.py:368: RuntimeWarning: Model 'core.globalsettings' was already registered. Reloading models is not advised as it can lead to inconsistencies, most notably with related models.
  new_class._meta.apps.register_model(new_class._meta.app_label, new_class)

(process:17996): GLib-GIO-WARNING **: 14:09:39.364: Unexpectedly, UWP app `Microsoft.OutlookForWindows_1.2026.225.0_x64__8wekyb3d8bbwe' (AUMId `Microsoft.OutlookForWindows_8wekyb3d8bbwe!Microsoft.OutlookforWindows') supports 4 extensions but has no verbs
Watching for file changes with StatReloader
INFO Watching for file changes with StatReloader
INFO Active send_via_db line 201: smart_meter.utils.db_send.send_via_db
System check identified some issues:

WARNINGS:
?: (urls.W005) URL namespace 'accounts' isn't unique. You may not be able to reverse all URLs in this namespace
?: (urls.W005) URL namespace 'core' isn't unique. You may not be able to reverse all URLs in this namespace
?: (urls.W005) URL namespace 'dashboard' isn't unique. You may not be able to reverse all URLs in this namespace
?: (urls.W005) URL namespace 'documents' isn't unique. You may not be able to reverse all URLs in this namespace
?: (urls.W005) URL namespace 'expenses' isn't unique. You may not be able to reverse all URLs in this namespace
?: (urls.W005) URL namespace 'invoices' isn't unique. You may not be able to reverse all URLs in this namespace
?: (urls.W005) URL namespace 'leases' isn't unique. You may not be able to reverse all URLs in this namespace
?: (urls.W005) URL namespace 'notifications' isn't unique. You may not be able to reverse all URLs in this namespace
?: (urls.W005) URL namespace 'payments' isn't unique. You may not be able to reverse all URLs in this namespace
?: (urls.W005) URL namespace 'properties' isn't unique. You may not be able to reverse all URLs in this namespace
?: (urls.W005) URL namespace 'reports' isn't unique. You may not be able to reverse all URLs in this namespace
?: (urls.W005) URL namespace 'smart_meter' isn't unique. You may not be able to reverse all URLs in this namespace
?: (urls.W005) URL namespace 'tenants' isn't unique. You may not be able to reverse all URLs in this namespace
?: (urls.W005) URL namespace 'utilities' isn't unique. You may not be able to reverse all URLs in this namespace

System check identified 14 issues (0 silenced).
E:\tenant_management_system\leases\views.py changed, reloading.
INFO E:\tenant_management_system\leases\views.py changed, reloading.
E:\tenant_management_system\.venv\Lib\site-packages\django\db\models\base.py:368: RuntimeWarning: Model 'core.globalsettings' was already registered. Reloading models is not advised as it can lead to inconsistencies, most notably with related models.
  new_class._meta.apps.register_model(new_class._meta.app_label, new_class)

(process:6932): GLib-GIO-WARNING **: 14:10:07.541: Unexpectedly, UWP app `Microsoft.OutlookForWindows_1.2026.225.0_x64__8wekyb3d8bbwe' (AUMId `Microsoft.OutlookForWindows_8wekyb3d8bbwe!Microsoft.OutlookforWindows') supports 4 extensions but has no verbs
Watching for file changes with StatReloader
INFO Watching for file changes with StatReloader
INFO Active send_via_db line 201: smart_meter.utils.db_send.send_via_db
System check identified some issues:

WARNINGS:
?: (urls.W005) URL namespace 'accounts' isn't unique. You may not be able to reverse all URLs in this namespace
?: (urls.W005) URL namespace 'core' isn't unique. You may not be able to reverse all URLs in this namespace
?: (urls.W005) URL namespace 'dashboard' isn't unique. You may not be able to reverse all URLs in this namespace
?: (urls.W005) URL namespace 'documents' isn't unique. You may not be able to reverse all URLs in this namespace
?: (urls.W005) URL namespace 'expenses' isn't unique. You may not be able to reverse all URLs in this namespace
?: (urls.W005) URL namespace 'invoices' isn't unique. You may not be able to reverse all URLs in this namespace
?: (urls.W005) URL namespace 'leases' isn't unique. You may not be able to reverse all URLs in this namespace
?: (urls.W005) URL namespace 'notifications' isn't unique. You may not be able to reverse all URLs in this namespace
?: (urls.W005) URL namespace 'payments' isn't unique. You may not be able to reverse all URLs in this namespace
?: (urls.W005) URL namespace 'properties' isn't unique. You may not be able to reverse all URLs in this namespace
?: (urls.W005) URL namespace 'reports' isn't unique. You may not be able to reverse all URLs in this namespace
?: (urls.W005) URL namespace 'smart_meter' isn't unique. You may not be able to reverse all URLs in this namespace
?: (urls.W005) URL namespace 'tenants' isn't unique. You may not be able to reverse all URLs in this namespace
?: (urls.W005) URL namespace 'utilities' isn't unique. You may not be able to reverse all URLs in this namespace

System check identified 14 issues (0 silenced).
E:\tenant_management_system\leases\views.py changed, reloading.
INFO E:\tenant_management_system\leases\views.py changed, reloading.
E:\tenant_management_system\.venv\Lib\site-packages\django\db\models\base.py:368: RuntimeWarning: Model 'core.globalsettings' was already registered. Reloading models is not advised as it can lead to inconsistencies, most notably with related models.
  new_class._meta.apps.register_model(new_class._meta.app_label, new_class)

(process:21720): GLib-GIO-WARNING **: 14:10:33.304: Unexpectedly, UWP app `Microsoft.OutlookForWindows_1.2026.225.0_x64__8wekyb3d8bbwe' (AUMId `Microsoft.OutlookForWindows_8wekyb3d8bbwe!Microsoft.OutlookforWindows') supports 4 extensions but has no verbs
Watching for file changes with StatReloader
INFO Watching for file changes with StatReloader
INFO Active send_via_db line 201: smart_meter.utils.db_send.send_via_db
System check identified some issues:

WARNINGS:
?: (urls.W005) URL namespace 'accounts' isn't unique. You may not be able to reverse all URLs in this namespace
?: (urls.W005) URL namespace 'core' isn't unique. You may not be able to reverse all URLs in this namespace
?: (urls.W005) URL namespace 'dashboard' isn't unique. You may not be able to reverse all URLs in this namespace
?: (urls.W005) URL namespace 'documents' isn't unique. You may not be able to reverse all URLs in this namespace
?: (urls.W005) URL namespace 'expenses' isn't unique. You may not be able to reverse all URLs in this namespace
?: (urls.W005) URL namespace 'invoices' isn't unique. You may not be able to reverse all URLs in this namespace
?: (urls.W005) URL namespace 'leases' isn't unique. You may not be able to reverse all URLs in this namespace
?: (urls.W005) URL namespace 'notifications' isn't unique. You may not be able to reverse all URLs in this namespace
?: (urls.W005) URL namespace 'payments' isn't unique. You may not be able to reverse all URLs in this namespace
?: (urls.W005) URL namespace 'properties' isn't unique. You may not be able to reverse all URLs in this namespace
?: (urls.W005) URL namespace 'reports' isn't unique. You may not be able to reverse all URLs in this namespace
?: (urls.W005) URL namespace 'smart_meter' isn't unique. You may not be able to reverse all URLs in this namespace
?: (urls.W005) URL namespace 'tenants' isn't unique. You may not be able to reverse all URLs in this namespace
?: (urls.W005) URL namespace 'utilities' isn't unique. You may not be able to reverse all URLs in this namespace

System check identified 14 issues (0 silenced).
E:\tenant_management_system\leases\views.py changed, reloading.
INFO E:\tenant_management_system\leases\views.py changed, reloading.
E:\tenant_management_system\.venv\Lib\site-packages\django\db\models\base.py:368: RuntimeWarning: Model 'core.globalsettings' was already registered. Reloading models is not advised as it can lead to inconsistencies, most notably with related models.
  new_class._meta.apps.register_model(new_class._meta.app_label, new_class)
Watching for file changes with StatReloader
INFO Watching for file changes with StatReloader

(process:20288): GLib-GIO-WARNING **: 14:10:48.602: Unexpectedly, UWP app `Microsoft.OutlookForWindows_1.2026.225.0_x64__8wekyb3d8bbwe' (AUMId `Microsoft.OutlookForWindows_8wekyb3d8bbwe!Microsoft.OutlookforWindows') supports 4 extensions but has no verbs
INFO Active send_via_db line 201: smart_meter.utils.db_send.send_via_db
System check identified some issues:

WARNINGS:
?: (urls.W005) URL namespace 'accounts' isn't unique. You may not be able to reverse all URLs in this namespace
?: (urls.W005) URL namespace 'core' isn't unique. You may not be able to reverse all URLs in this namespace
?: (urls.W005) URL namespace 'dashboard' isn't unique. You may not be able to reverse all URLs in this namespace
?: (urls.W005) URL namespace 'documents' isn't unique. You may not be able to reverse all URLs in this namespace
?: (urls.W005) URL namespace 'expenses' isn't unique. You may not be able to reverse all URLs in this namespace
?: (urls.W005) URL namespace 'invoices' isn't unique. You may not be able to reverse all URLs in this namespace
?: (urls.W005) URL namespace 'leases' isn't unique. You may not be able to reverse all URLs in this namespace
?: (urls.W005) URL namespace 'notifications' isn't unique. You may not be able to reverse all URLs in this namespace
?: (urls.W005) URL namespace 'payments' isn't unique. You may not be able to reverse all URLs in this namespace
?: (urls.W005) URL namespace 'properties' isn't unique. You may not be able to reverse all URLs in this namespace
?: (urls.W005) URL namespace 'reports' isn't unique. You may not be able to reverse all URLs in this namespace
?: (urls.W005) URL namespace 'smart_meter' isn't unique. You may not be able to reverse all URLs in this namespace
?: (urls.W005) URL namespace 'tenants' isn't unique. You may not be able to reverse all URLs in this namespace
?: (urls.W005) URL namespace 'utilities' isn't unique. You may not be able to reverse all URLs in this namespace

System check identified 14 issues (0 silenced).
E:\tenant_management_system\leases\views.py changed, reloading.
INFO E:\tenant_management_system\leases\views.py changed, reloading.
E:\tenant_management_system\.venv\Lib\site-packages\django\db\models\base.py:368: RuntimeWarning: Model 'core.globalsettings' was already registered. Reloading models is not advised as it can lead to inconsistencies, most notably with related models.
  new_class._meta.apps.register_model(new_class._meta.app_label, new_class)
Watching for file changes with StatReloader
INFO Watching for file changes with StatReloader

(process:17656): GLib-GIO-WARNING **: 14:13:06.459: Unexpectedly, UWP app `Microsoft.OutlookForWindows_1.2026.225.0_x64__8wekyb3d8bbwe' (AUMId `Microsoft.OutlookForWindows_8wekyb3d8bbwe!Microsoft.OutlookforWindows') supports 4 extensions but has no verbs
INFO Active send_via_db line 201: smart_meter.utils.db_send.send_via_db
System check identified some issues:

WARNINGS:
?: (urls.W005) URL namespace 'accounts' isn't unique. You may not be able to reverse all URLs in this namespace
?: (urls.W005) URL namespace 'core' isn't unique. You may not be able to reverse all URLs in this namespace
?: (urls.W005) URL namespace 'dashboard' isn't unique. You may not be able to reverse all URLs in this namespace
?: (urls.W005) URL namespace 'documents' isn't unique. You may not be able to reverse all URLs in this namespace
?: (urls.W005) URL namespace 'expenses' isn't unique. You may not be able to reverse all URLs in this namespace
?: (urls.W005) URL namespace 'invoices' isn't unique. You may not be able to reverse all URLs in this namespace
?: (urls.W005) URL namespace 'leases' isn't unique. You may not be able to reverse all URLs in this namespace
?: (urls.W005) URL namespace 'notifications' isn't unique. You may not be able to reverse all URLs in this namespace
?: (urls.W005) URL namespace 'payments' isn't unique. You may not be able to reverse all URLs in this namespace
?: (urls.W005) URL namespace 'properties' isn't unique. You may not be able to reverse all URLs in this namespace
?: (urls.W005) URL namespace 'reports' isn't unique. You may not be able to reverse all URLs in this namespace
?: (urls.W005) URL namespace 'smart_meter' isn't unique. You may not be able to reverse all URLs in this namespace
?: (urls.W005) URL namespace 'tenants' isn't unique. You may not be able to reverse all URLs in this namespace
?: (urls.W005) URL namespace 'utilities' isn't unique. You may not be able to reverse all URLs in this namespace

System check identified 14 issues (0 silenced).
[16/May/2026 14:14:18] "GET /leases/78/renewals/64/ HTTP/1.1" 200 30658
[16/May/2026 14:14:20] "GET /leases/78/renewals/64/ HTTP/1.1" 200 30658
[16/May/2026 14:14:27] "GET /leases/lease/78/edit-clauses/?history=64 HTTP/1.1" 200 72505
E:\tenant_management_system\leases\services\lease_history.py changed, reloading.
INFO E:\tenant_management_system\leases\services\lease_history.py changed, reloading.
E:\tenant_management_system\.venv\Lib\site-packages\django\db\models\base.py:368: RuntimeWarning: Model 'core.globalsettings' was already registered. Reloading models is not advised as it can lead to inconsistencies, most notably with related models.
  new_class._meta.apps.register_model(new_class._meta.app_label, new_class)
Watching for file changes with StatReloader
INFO Watching for file changes with StatReloader

(process:22076): GLib-GIO-WARNING **: 14:16:26.982: Unexpectedly, UWP app `Microsoft.OutlookForWindows_1.2026.225.0_x64__8wekyb3d8bbwe' (AUMId `Microsoft.OutlookForWindows_8wekyb3d8bbwe!Microsoft.OutlookforWindows') supports 4 extensions but has no verbs
INFO Active send_via_db line 201: smart_meter.utils.db_send.send_via_db
System check identified some issues:

WARNINGS:
?: (urls.W005) URL namespace 'accounts' isn't unique. You may not be able to reverse all URLs in this namespace
?: (urls.W005) URL namespace 'core' isn't unique. You may not be able to reverse all URLs in this namespace
?: (urls.W005) URL namespace 'dashboard' isn't unique. You may not be able to reverse all URLs in this namespace
?: (urls.W005) URL namespace 'documents' isn't unique. You may not be able to reverse all URLs in this namespace
?: (urls.W005) URL namespace 'expenses' isn't unique. You may not be able to reverse all URLs in this namespace
?: (urls.W005) URL namespace 'invoices' isn't unique. You may not be able to reverse all URLs in this namespace
?: (urls.W005) URL namespace 'leases' isn't unique. You may not be able to reverse all URLs in this namespace
?: (urls.W005) URL namespace 'notifications' isn't unique. You may not be able to reverse all URLs in this namespace
?: (urls.W005) URL namespace 'payments' isn't unique. You may not be able to reverse all URLs in this namespace
?: (urls.W005) URL namespace 'properties' isn't unique. You may not be able to reverse all URLs in this namespace
?: (urls.W005) URL namespace 'reports' isn't unique. You may not be able to reverse all URLs in this namespace
?: (urls.W005) URL namespace 'smart_meter' isn't unique. You may not be able to reverse all URLs in this namespace
?: (urls.W005) URL namespace 'tenants' isn't unique. You may not be able to reverse all URLs in this namespace
?: (urls.W005) URL namespace 'utilities' isn't unique. You may not be able to reverse all URLs in this namespace

System check identified 14 issues (0 silenced).
E:\tenant_management_system\leases\views_renewal.py changed, reloading.
INFO E:\tenant_management_system\leases\views_renewal.py changed, reloading.
E:\tenant_management_system\.venv\Lib\site-packages\django\db\models\base.py:368: RuntimeWarning: Model 'core.globalsettings' was already registered. Reloading models is not advised as it can lead to inconsistencies, most notably with related models.
  new_class._meta.apps.register_model(new_class._meta.app_label, new_class)
Watching for file changes with StatReloader
INFO Watching for file changes with StatReloader

(process:6536): GLib-GIO-WARNING **: 14:16:43.442: Unexpectedly, UWP app `Microsoft.OutlookForWindows_1.2026.225.0_x64__8wekyb3d8bbwe' (AUMId `Microsoft.OutlookForWindows_8wekyb3d8bbwe!Microsoft.OutlookforWindows') supports 4 extensions but has no verbs
INFO Active send_via_db line 201: smart_meter.utils.db_send.send_via_db
System check identified some issues:

WARNINGS:
?: (urls.W005) URL namespace 'accounts' isn't unique. You may not be able to reverse all URLs in this namespace
?: (urls.W005) URL namespace 'core' isn't unique. You may not be able to reverse all URLs in this namespace
?: (urls.W005) URL namespace 'dashboard' isn't unique. You may not be able to reverse all URLs in this namespace
?: (urls.W005) URL namespace 'documents' isn't unique. You may not be able to reverse all URLs in this namespace
?: (urls.W005) URL namespace 'expenses' isn't unique. You may not be able to reverse all URLs in this namespace
?: (urls.W005) URL namespace 'invoices' isn't unique. You may not be able to reverse all URLs in this namespace
?: (urls.W005) URL namespace 'leases' isn't unique. You may not be able to reverse all URLs in this namespace
?: (urls.W005) URL namespace 'notifications' isn't unique. You may not be able to reverse all URLs in this namespace
?: (urls.W005) URL namespace 'payments' isn't unique. You may not be able to reverse all URLs in this namespace
?: (urls.W005) URL namespace 'properties' isn't unique. You may not be able to reverse all URLs in this namespace
?: (urls.W005) URL namespace 'reports' isn't unique. You may not be able to reverse all URLs in this namespace
?: (urls.W005) URL namespace 'smart_meter' isn't unique. You may not be able to reverse all URLs in this namespace
?: (urls.W005) URL namespace 'tenants' isn't unique. You may not be able to reverse all URLs in this namespace
?: (urls.W005) URL namespace 'utilities' isn't unique. You may not be able to reverse all URLs in this namespace

System check identified 14 issues (0 silenced).
E:\tenant_management_system\leases\models.py changed, reloading.
INFO E:\tenant_management_system\leases\models.py changed, reloading.
E:\tenant_management_system\.venv\Lib\site-packages\django\db\models\base.py:368: RuntimeWarning: Model 'core.globalsettings' was already registered. Reloading models is not advised as it can lead to inconsistencies, most notably with related models.
  new_class._meta.apps.register_model(new_class._meta.app_label, new_class)
Watching for file changes with StatReloader
INFO Watching for file changes with StatReloader

(process:20912): GLib-GIO-WARNING **: 14:20:08.817: Unexpectedly, UWP app `Microsoft.OutlookForWindows_1.2026.225.0_x64__8wekyb3d8bbwe' (AUMId `Microsoft.OutlookForWindows_8wekyb3d8bbwe!Microsoft.OutlookforWindows') supports 4 extensions but has no verbs
INFO Active send_via_db line 201: smart_meter.utils.db_send.send_via_db
System check identified some issues:

WARNINGS:
?: (urls.W005) URL namespace 'accounts' isn't unique. You may not be able to reverse all URLs in this namespace
?: (urls.W005) URL namespace 'core' isn't unique. You may not be able to reverse all URLs in this namespace
?: (urls.W005) URL namespace 'dashboard' isn't unique. You may not be able to reverse all URLs in this namespace
?: (urls.W005) URL namespace 'documents' isn't unique. You may not be able to reverse all URLs in this namespace
?: (urls.W005) URL namespace 'expenses' isn't unique. You may not be able to reverse all URLs in this namespace
?: (urls.W005) URL namespace 'invoices' isn't unique. You may not be able to reverse all URLs in this namespace
?: (urls.W005) URL namespace 'leases' isn't unique. You may not be able to reverse all URLs in this namespace
?: (urls.W005) URL namespace 'notifications' isn't unique. You may not be able to reverse all URLs in this namespace
?: (urls.W005) URL namespace 'payments' isn't unique. You may not be able to reverse all URLs in this namespace
?: (urls.W005) URL namespace 'properties' isn't unique. You may not be able to reverse all URLs in this namespace
?: (urls.W005) URL namespace 'reports' isn't unique. You may not be able to reverse all URLs in this namespace
?: (urls.W005) URL namespace 'smart_meter' isn't unique. You may not be able to reverse all URLs in this namespace
?: (urls.W005) URL namespace 'tenants' isn't unique. You may not be able to reverse all URLs in this namespace
?: (urls.W005) URL namespace 'utilities' isn't unique. You may not be able to reverse all URLs in this namespace

System check identified 14 issues (0 silenced).
E:\tenant_management_system\leases\forms.py changed, reloading.
INFO E:\tenant_management_system\leases\forms.py changed, reloading.
E:\tenant_management_system\.venv\Lib\site-packages\django\db\models\base.py:368: RuntimeWarning: Model 'core.globalsettings' was already registered. Reloading models is not advised as it can lead to inconsistencies, most notably with related models.
  new_class._meta.apps.register_model(new_class._meta.app_label, new_class)
Watching for file changes with StatReloader
INFO Watching for file changes with StatReloader

(process:18212): GLib-GIO-WARNING **: 14:20:17.660: Unexpectedly, UWP app `Microsoft.OutlookForWindows_1.2026.225.0_x64__8wekyb3d8bbwe' (AUMId `Microsoft.OutlookForWindows_8wekyb3d8bbwe!Microsoft.OutlookforWindows') supports 4 extensions but has no verbs
INFO Active send_via_db line 201: smart_meter.utils.db_send.send_via_db
System check identified some issues:

WARNINGS:
?: (urls.W005) URL namespace 'accounts' isn't unique. You may not be able to reverse all URLs in this namespace
?: (urls.W005) URL namespace 'core' isn't unique. You may not be able to reverse all URLs in this namespace
?: (urls.W005) URL namespace 'dashboard' isn't unique. You may not be able to reverse all URLs in this namespace
?: (urls.W005) URL namespace 'documents' isn't unique. You may not be able to reverse all URLs in this namespace
?: (urls.W005) URL namespace 'expenses' isn't unique. You may not be able to reverse all URLs in this namespace
?: (urls.W005) URL namespace 'invoices' isn't unique. You may not be able to reverse all URLs in this namespace
?: (urls.W005) URL namespace 'leases' isn't unique. You may not be able to reverse all URLs in this namespace
?: (urls.W005) URL namespace 'notifications' isn't unique. You may not be able to reverse all URLs in this namespace
?: (urls.W005) URL namespace 'payments' isn't unique. You may not be able to reverse all URLs in this namespace
?: (urls.W005) URL namespace 'properties' isn't unique. You may not be able to reverse all URLs in this namespace
?: (urls.W005) URL namespace 'reports' isn't unique. You may not be able to reverse all URLs in this namespace
?: (urls.W005) URL namespace 'smart_meter' isn't unique. You may not be able to reverse all URLs in this namespace
?: (urls.W005) URL namespace 'tenants' isn't unique. You may not be able to reverse all URLs in this namespace
?: (urls.W005) URL namespace 'utilities' isn't unique. You may not be able to reverse all URLs in this namespace

System check identified 14 issues (0 silenced).
E:\tenant_management_system\leases\admin.py changed, reloading.
INFO E:\tenant_management_system\leases\admin.py changed, reloading.
E:\tenant_management_system\.venv\Lib\site-packages\django\db\models\base.py:368: RuntimeWarning: Model 'core.globalsettings' was already registered. Reloading models is not advised as it can lead to inconsistencies, most notably with related models.
  new_class._meta.apps.register_model(new_class._meta.app_label, new_class)
Watching for file changes with StatReloader
INFO Watching for file changes with StatReloader

(process:17888): GLib-GIO-WARNING **: 14:20:26.867: Unexpectedly, UWP app `Microsoft.OutlookForWindows_1.2026.225.0_x64__8wekyb3d8bbwe' (AUMId `Microsoft.OutlookForWindows_8wekyb3d8bbwe!Microsoft.OutlookforWindows') supports 4 extensions but has no verbs
INFO Active send_via_db line 201: smart_meter.utils.db_send.send_via_db
System check identified some issues:

WARNINGS:
?: (urls.W005) URL namespace 'accounts' isn't unique. You may not be able to reverse all URLs in this namespace
?: (urls.W005) URL namespace 'core' isn't unique. You may not be able to reverse all URLs in this namespace
?: (urls.W005) URL namespace 'dashboard' isn't unique. You may not be able to reverse all URLs in this namespace
?: (urls.W005) URL namespace 'documents' isn't unique. You may not be able to reverse all URLs in this namespace
?: (urls.W005) URL namespace 'expenses' isn't unique. You may not be able to reverse all URLs in this namespace
?: (urls.W005) URL namespace 'invoices' isn't unique. You may not be able to reverse all URLs in this namespace
?: (urls.W005) URL namespace 'leases' isn't unique. You may not be able to reverse all URLs in this namespace
?: (urls.W005) URL namespace 'notifications' isn't unique. You may not be able to reverse all URLs in this namespace
?: (urls.W005) URL namespace 'payments' isn't unique. You may not be able to reverse all URLs in this namespace
?: (urls.W005) URL namespace 'properties' isn't unique. You may not be able to reverse all URLs in this namespace
?: (urls.W005) URL namespace 'reports' isn't unique. You may not be able to reverse all URLs in this namespace
?: (urls.W005) URL namespace 'smart_meter' isn't unique. You may not be able to reverse all URLs in this namespace
?: (urls.W005) URL namespace 'tenants' isn't unique. You may not be able to reverse all URLs in this namespace
?: (urls.W005) URL namespace 'utilities' isn't unique. You may not be able to reverse all URLs in this namespace

System check identified 14 issues (0 silenced).
E:\tenant_management_system\leases\views.py changed, reloading.
INFO E:\tenant_management_system\leases\views.py changed, reloading.
E:\tenant_management_system\.venv\Lib\site-packages\django\db\models\base.py:368: RuntimeWarning: Model 'core.globalsettings' was already registered. Reloading models is not advised as it can lead to inconsistencies, most notably with related models.
  new_class._meta.apps.register_model(new_class._meta.app_label, new_class)
Watching for file changes with StatReloader
INFO Watching for file changes with StatReloader

(process:15728): GLib-GIO-WARNING **: 14:21:10.396: Unexpectedly, UWP app `Microsoft.OutlookForWindows_1.2026.225.0_x64__8wekyb3d8bbwe' (AUMId `Microsoft.OutlookForWindows_8wekyb3d8bbwe!Microsoft.OutlookforWindows') supports 4 extensions but has no verbs
INFO Active send_via_db line 201: smart_meter.utils.db_send.send_via_db
System check identified some issues:

WARNINGS:
?: (urls.W005) URL namespace 'accounts' isn't unique. You may not be able to reverse all URLs in this namespace
?: (urls.W005) URL namespace 'core' isn't unique. You may not be able to reverse all URLs in this namespace
?: (urls.W005) URL namespace 'dashboard' isn't unique. You may not be able to reverse all URLs in this namespace
?: (urls.W005) URL namespace 'documents' isn't unique. You may not be able to reverse all URLs in this namespace
?: (urls.W005) URL namespace 'expenses' isn't unique. You may not be able to reverse all URLs in this namespace
?: (urls.W005) URL namespace 'invoices' isn't unique. You may not be able to reverse all URLs in this namespace
?: (urls.W005) URL namespace 'leases' isn't unique. You may not be able to reverse all URLs in this namespace
?: (urls.W005) URL namespace 'notifications' isn't unique. You may not be able to reverse all URLs in this namespace
?: (urls.W005) URL namespace 'payments' isn't unique. You may not be able to reverse all URLs in this namespace
?: (urls.W005) URL namespace 'properties' isn't unique. You may not be able to reverse all URLs in this namespace
?: (urls.W005) URL namespace 'reports' isn't unique. You may not be able to reverse all URLs in this namespace
?: (urls.W005) URL namespace 'smart_meter' isn't unique. You may not be able to reverse all URLs in this namespace
?: (urls.W005) URL namespace 'tenants' isn't unique. You may not be able to reverse all URLs in this namespace
?: (urls.W005) URL namespace 'utilities' isn't unique. You may not be able to reverse all URLs in this namespace

System check identified 14 issues (0 silenced).
E:\tenant_management_system\leases\views.py changed, reloading.
INFO E:\tenant_management_system\leases\views.py changed, reloading.
E:\tenant_management_system\.venv\Lib\site-packages\django\db\models\base.py:368: RuntimeWarning: Model 'core.globalsettings' was already registered. Reloading models is not advised as it can lead to inconsistencies, most notably with related models.
  new_class._meta.apps.register_model(new_class._meta.app_label, new_class)
Watching for file changes with StatReloader
INFO Watching for file changes with StatReloader

(process:21520): GLib-GIO-WARNING **: 14:21:19.187: Unexpectedly, UWP app `Microsoft.OutlookForWindows_1.2026.225.0_x64__8wekyb3d8bbwe' (AUMId `Microsoft.OutlookForWindows_8wekyb3d8bbwe!Microsoft.OutlookforWindows') supports 4 extensions but has no verbs
INFO Active send_via_db line 201: smart_meter.utils.db_send.send_via_db
System check identified some issues:

WARNINGS:
?: (urls.W005) URL namespace 'accounts' isn't unique. You may not be able to reverse all URLs in this namespace
?: (urls.W005) URL namespace 'core' isn't unique. You may not be able to reverse all URLs in this namespace
?: (urls.W005) URL namespace 'dashboard' isn't unique. You may not be able to reverse all URLs in this namespace
?: (urls.W005) URL namespace 'documents' isn't unique. You may not be able to reverse all URLs in this namespace
?: (urls.W005) URL namespace 'expenses' isn't unique. You may not be able to reverse all URLs in this namespace
?: (urls.W005) URL namespace 'invoices' isn't unique. You may not be able to reverse all URLs in this namespace
?: (urls.W005) URL namespace 'leases' isn't unique. You may not be able to reverse all URLs in this namespace
?: (urls.W005) URL namespace 'notifications' isn't unique. You may not be able to reverse all URLs in this namespace
?: (urls.W005) URL namespace 'payments' isn't unique. You may not be able to reverse all URLs in this namespace
?: (urls.W005) URL namespace 'properties' isn't unique. You may not be able to reverse all URLs in this namespace
?: (urls.W005) URL namespace 'reports' isn't unique. You may not be able to reverse all URLs in this namespace
?: (urls.W005) URL namespace 'smart_meter' isn't unique. You may not be able to reverse all URLs in this namespace
?: (urls.W005) URL namespace 'tenants' isn't unique. You may not be able to reverse all URLs in this namespace
?: (urls.W005) URL namespace 'utilities' isn't unique. You may not be able to reverse all URLs in this namespace

System check identified 14 issues (0 silenced).
E:\tenant_management_system\leases\urls.py changed, reloading.
INFO E:\tenant_management_system\leases\urls.py changed, reloading.
E:\tenant_management_system\.venv\Lib\site-packages\django\db\models\base.py:368: RuntimeWarning: Model 'core.globalsettings' was already registered. Reloading models is not advised as it can lead to inconsistencies, most notably with related models.
  new_class._meta.apps.register_model(new_class._meta.app_label, new_class)
Watching for file changes with StatReloader
INFO Watching for file changes with StatReloader

(process:19284): GLib-GIO-WARNING **: 14:21:31.906: Unexpectedly, UWP app `Microsoft.OutlookForWindows_1.2026.225.0_x64__8wekyb3d8bbwe' (AUMId `Microsoft.OutlookForWindows_8wekyb3d8bbwe!Microsoft.OutlookforWindows') supports 4 extensions but has no verbs
INFO Active send_via_db line 201: smart_meter.utils.db_send.send_via_db
System check identified some issues:

WARNINGS:
?: (urls.W005) URL namespace 'accounts' isn't unique. You may not be able to reverse all URLs in this namespace
?: (urls.W005) URL namespace 'core' isn't unique. You may not be able to reverse all URLs in this namespace
?: (urls.W005) URL namespace 'dashboard' isn't unique. You may not be able to reverse all URLs in this namespace
?: (urls.W005) URL namespace 'documents' isn't unique. You may not be able to reverse all URLs in this namespace
?: (urls.W005) URL namespace 'expenses' isn't unique. You may not be able to reverse all URLs in this namespace
?: (urls.W005) URL namespace 'invoices' isn't unique. You may not be able to reverse all URLs in this namespace
?: (urls.W005) URL namespace 'leases' isn't unique. You may not be able to reverse all URLs in this namespace
?: (urls.W005) URL namespace 'notifications' isn't unique. You may not be able to reverse all URLs in this namespace
?: (urls.W005) URL namespace 'payments' isn't unique. You may not be able to reverse all URLs in this namespace
?: (urls.W005) URL namespace 'properties' isn't unique. You may not be able to reverse all URLs in this namespace
?: (urls.W005) URL namespace 'reports' isn't unique. You may not be able to reverse all URLs in this namespace
?: (urls.W005) URL namespace 'smart_meter' isn't unique. You may not be able to reverse all URLs in this namespace
?: (urls.W005) URL namespace 'tenants' isn't unique. You may not be able to reverse all URLs in this namespace
?: (urls.W005) URL namespace 'utilities' isn't unique. You may not be able to reverse all URLs in this namespace

System check identified 14 issues (0 silenced).
E:\tenant_management_system\leases\utils\utils.py changed, reloading.
INFO E:\tenant_management_system\leases\utils\utils.py changed, reloading.
E:\tenant_management_system\.venv\Lib\site-packages\django\db\models\base.py:368: RuntimeWarning: Model 'core.globalsettings' was already registered. Reloading models is not advised as it can lead to inconsistencies, most notably with related models.
  new_class._meta.apps.register_model(new_class._meta.app_label, new_class)
Watching for file changes with StatReloader
INFO Watching for file changes with StatReloader

(process:2104): GLib-GIO-WARNING **: 14:25:14.421: Unexpectedly, UWP app `Microsoft.OutlookForWindows_1.2026.225.0_x64__8wekyb3d8bbwe' (AUMId `Microsoft.OutlookForWindows_8wekyb3d8bbwe!Microsoft.OutlookforWindows') supports 4 extensions but has no verbs
INFO Active send_via_db line 201: smart_meter.utils.db_send.send_via_db
System check identified some issues:

WARNINGS:
?: (urls.W005) URL namespace 'accounts' isn't unique. You may not be able to reverse all URLs in this namespace
?: (urls.W005) URL namespace 'core' isn't unique. You may not be able to reverse all URLs in this namespace
?: (urls.W005) URL namespace 'dashboard' isn't unique. You may not be able to reverse all URLs in this namespace
?: (urls.W005) URL namespace 'documents' isn't unique. You may not be able to reverse all URLs in this namespace
?: (urls.W005) URL namespace 'expenses' isn't unique. You may not be able to reverse all URLs in this namespace
?: (urls.W005) URL namespace 'invoices' isn't unique. You may not be able to reverse all URLs in this namespace
?: (urls.W005) URL namespace 'leases' isn't unique. You may not be able to reverse all URLs in this namespace
?: (urls.W005) URL namespace 'notifications' isn't unique. You may not be able to reverse all URLs in this namespace
?: (urls.W005) URL namespace 'payments' isn't unique. You may not be able to reverse all URLs in this namespace
?: (urls.W005) URL namespace 'properties' isn't unique. You may not be able to reverse all URLs in this namespace
?: (urls.W005) URL namespace 'reports' isn't unique. You may not be able to reverse all URLs in this namespace
?: (urls.W005) URL namespace 'smart_meter' isn't unique. You may not be able to reverse all URLs in this namespace
?: (urls.W005) URL namespace 'tenants' isn't unique. You may not be able to reverse all URLs in this namespace
?: (urls.W005) URL namespace 'utilities' isn't unique. You may not be able to reverse all URLs in this namespace

System check identified 14 issues (0 silenced).
E:\tenant_management_system\leases\utils\utils.py changed, reloading.
INFO E:\tenant_management_system\leases\utils\utils.py changed, reloading.
E:\tenant_management_system\.venv\Lib\site-packages\django\db\models\base.py:368: RuntimeWarning: Model 'core.globalsettings' was already registered. Reloading models is not advised as it can lead to inconsistencies, most notably with related models.
  new_class._meta.apps.register_model(new_class._meta.app_label, new_class)
Watching for file changes with StatReloader
INFO Watching for file changes with StatReloader
Traceback (most recent call last):
  File "E:\tenant_management_system\.venv\Lib\site-packages\django\template\utils.py", line 69, in __getitem__
Exception in thread django-main-thread:
    return self._engines[alias]
Traceback (most recent call last):
           ~~~~~~~~~~~~~^^^^^^^
  File "E:\tenant_management_system\.venv\Lib\site-packages\django\template\utils.py", line 69, in __getitem__
KeyError: 'django'

    return self._engines[alias]
During handling of the above exception, another exception occurred:
           ~~~~~~~~~~~~~^^^^^^^

Traceback (most recent call last):
  File "E:\tenant_management_system\.venv\Lib\site-packages\django\template\backends\django.py", line 174, in get_package_libraries
KeyError: 'django'
    module = import_module(entry[1])
             ^^^^^^^^^^^^^^^^^^^^^^^
  File "C:\Users\Sohail\AppData\Local\Programs\Python\Python312\Lib\importlib\__init__.py", line 90, in import_module

During handling of the above exception, another exception occurred:

Traceback (most recent call last):
  File "E:\tenant_management_system\.venv\Lib\site-packages\django\template\backends\django.py", line 174, in get_package_libraries
    return _bootstrap._gcd_import(name[level:], package, level)
    module = import_module(entry[1])
           ^^^^^^^^^^^^^^^^^^^^^^^^^^^^^^^^^^^^^^^^^^^^^^^^^^^^
             ^^^^^^^^^^^^^^^^^^^^^^^
  File "<frozen importlib._bootstrap>", line 1387, in _gcd_import
  File "C:\Users\Sohail\AppData\Local\Programs\Python\Python312\Lib\importlib\__init__.py", line 90, in import_module
  File "<frozen importlib._bootstrap>", line 1360, in _find_and_load
    return _bootstrap._gcd_import(name[level:], package, level)
  File "<frozen importlib._bootstrap>", line 1331, in _find_and_load_unlocked
           ^^^^^^^^^^^^^^^^^^^^^^^^^^^^^^^^^^^^^^^^^^^^^^^^^^^^
  File "<frozen importlib._bootstrap>", line 935, in _load_unlocked
  File "<frozen importlib._bootstrap>", line 1387, in _gcd_import
  File "<frozen importlib._bootstrap_external>", line 999, in exec_module
  File "<frozen importlib._bootstrap>", line 1360, in _find_and_load
  File "<frozen importlib._bootstrap>", line 488, in _call_with_frames_removed
  File "E:\tenant_management_system\leases\templatetags\lease_tags.py", line 3, in <module>
  File "<frozen importlib._bootstrap>", line 1331, in _find_and_load_unlocked
    from leases.utils import replace_db_placeholders
  File "<frozen importlib._bootstrap>", line 935, in _load_unlocked
ImportError: cannot import name 'replace_db_placeholders' from 'leases.utils' (E:\tenant_management_system\leases\utils\__init__.py). Did you mean: 'do_replace_placeholders'?
  File "<frozen importlib._bootstrap_external>", line 999, in exec_module

  File "<frozen importlib._bootstrap>", line 488, in _call_with_frames_removed
The above exception was the direct cause of the following exception:
  File "E:\tenant_management_system\leases\templatetags\lease_tags.py", line 3, in <module>

    from leases.utils import replace_db_placeholders
Traceback (most recent call last):
ImportError: cannot import name 'replace_db_placeholders' from 'leases.utils' (E:\tenant_management_system\leases\utils\__init__.py). Did you mean: 'do_replace_placeholders'?
  File "E:\tenant_management_system\manage.py", line 25, in <module>

The above exception was the direct cause of the following exception:

Traceback (most recent call last):
    main()
  File "C:\Users\Sohail\AppData\Local\Programs\Python\Python312\Lib\threading.py", line 1075, in _bootstrap_inner
  File "E:\tenant_management_system\manage.py", line 21, in main
    self.run()
    execute_from_command_line(sys.argv)
  File "C:\Users\Sohail\AppData\Local\Programs\Python\Python312\Lib\threading.py", line 1012, in run
  File "E:\tenant_management_system\.venv\Lib\site-packages\django\core\management\__init__.py", line 442, in execute_from_command_line
    self._target(*self._args, **self._kwargs)
    utility.execute()
  File "E:\tenant_management_system\.venv\Lib\site-packages\django\utils\autoreload.py", line 64, in wrapper
  File "E:\tenant_management_system\.venv\Lib\site-packages\django\core\management\__init__.py", line 436, in execute
    fn(*args, **kwargs)
    self.fetch_command(subcommand).run_from_argv(self.argv)
  File "E:\tenant_management_system\.venv\Lib\site-packages\django\core\management\commands\runserver.py", line 134, in inner_run
  File "E:\tenant_management_system\.venv\Lib\site-packages\django\core\management\base.py", line 416, in run_from_argv
    self.check(**check_kwargs)
    self.execute(*args, **cmd_options)
  File "E:\tenant_management_system\.venv\Lib\site-packages\django\core\management\base.py", line 492, in check
  File "E:\tenant_management_system\.venv\Lib\site-packages\django\core\management\commands\runserver.py", line 69, in execute
    all_issues = checks.run_checks(
    super().execute(*args, **options)
                 ^^^^^^^^^^^^^^^^^^
  File "E:\tenant_management_system\.venv\Lib\site-packages\django\core\management\base.py", line 460, in execute
  File "E:\tenant_management_system\.venv\Lib\site-packages\django\core\checks\registry.py", line 89, in run_checks
    output = self.handle(*args, **options)
    new_errors = check(app_configs=app_configs, databases=databases)
             ^^^^^^^^^^^^^^^^^^^^^^^^^^^^^
                 ^^^^^^^^^^^^^^^^^^^^^^^^^^^^^^^^^^^^^^^^^^^^^^^^^^^
  File "E:\tenant_management_system\.venv\Lib\site-packages\django\core\management\commands\runserver.py", line 110, in handle
  File "E:\tenant_management_system\.venv\Lib\site-packages\django\contrib\admin\checks.py", line 79, in check_dependencies
    self.run(**options)
    for engine in engines.all():
  File "E:\tenant_management_system\.venv\Lib\site-packages\django\core\management\commands\runserver.py", line 117, in run
                  ^^^^^^^^^^^^^
    autoreload.run_with_reloader(self.inner_run, **options)
  File "E:\tenant_management_system\.venv\Lib\site-packages\django\template\utils.py", line 94, in all
  File "E:\tenant_management_system\.venv\Lib\site-packages\django\utils\autoreload.py", line 670, in run_with_reloader
    return [self[alias] for alias in self]
    start_django(reloader, main_func, *args, **kwargs)
            ~~~~^^^^^^^
  File "E:\tenant_management_system\.venv\Lib\site-packages\django\utils\autoreload.py", line 659, in start_django
  File "E:\tenant_management_system\.venv\Lib\site-packages\django\template\utils.py", line 85, in __getitem__
    reloader.run(django_main_thread)
    engine = engine_cls(params)
  File "E:\tenant_management_system\.venv\Lib\site-packages\django\utils\autoreload.py", line 342, in run
             ^^^^^^^^^^^^^^^^^^
  File "E:\tenant_management_system\.venv\Lib\site-packages\django\template\backends\django.py", line 26, in __init__
    autoreload_started.send(sender=self)
    options["libraries"] = self.get_templatetag_libraries(libraries)
  File "E:\tenant_management_system\.venv\Lib\site-packages\django\dispatch\dispatcher.py", line 189, in send
                           ^^^^^^^^^^^^^^^^^^^^^^^^^^^^^^^^^^^^^^^^^
  File "E:\tenant_management_system\.venv\Lib\site-packages\django\template\backends\django.py", line 88, in get_templatetag_libraries
    libraries = get_installed_libraries()
                ^^^^^^^^^^^^^^^^^^^^^^^^^
  File "E:\tenant_management_system\.venv\Lib\site-packages\django\template\backends\django.py", line 163, in get_installed_libraries
    module_name: full_name for module_name, full_name in get_template_tag_modules()
                                                         ^^^^^^^^^^^^^^^^^^^^^^^^^^
  File "E:\tenant_management_system\.venv\Lib\site-packages\django\template\backends\django.py", line 151, in get_template_tag_modules
    for name in get_package_libraries(pkg):
                ^^^^^^^^^^^^^^^^^^^^^^^^^^
  File "E:\tenant_management_system\.venv\Lib\site-packages\django\template\backends\django.py", line 176, in get_package_libraries
    raise InvalidTemplateLibrary(
django.template.library.InvalidTemplateLibrary: Invalid template library specified. ImportError raised when trying to load 'leases.templatetags.lease_tags': cannot import name 'replace_db_placeholders' from 'leases.utils' (E:\tenant_management_system\leases\utils\__init__.py)
    response = receiver(signal=self, sender=sender, **named)
               ^^^^^^^^^^^^^^^^^^^^^^^^^^^^^^^^^^^^^^^^^^^^^
  File "E:\tenant_management_system\.venv\Lib\site-packages\django\template\autoreload.py", line 50, in watch_for_template_changes
    for directory in get_template_directories():
                     ^^^^^^^^^^^^^^^^^^^^^^^^^^
  File "E:\tenant_management_system\.venv\Lib\site-packages\django\template\autoreload.py", line 16, in get_template_directories
    for backend in engines.all():
                   ^^^^^^^^^^^^^
  File "E:\tenant_management_system\.venv\Lib\site-packages\django\template\utils.py", line 94, in all
    return [self[alias] for alias in self]
            ~~~~^^^^^^^
  File "E:\tenant_management_system\.venv\Lib\site-packages\django\template\utils.py", line 85, in __getitem__
    engine = engine_cls(params)
             ^^^^^^^^^^^^^^^^^^
  File "E:\tenant_management_system\.venv\Lib\site-packages\django\template\backends\django.py", line 26, in __init__
    options["libraries"] = self.get_templatetag_libraries(libraries)
                           ^^^^^^^^^^^^^^^^^^^^^^^^^^^^^^^^^^^^^^^^^
  File "E:\tenant_management_system\.venv\Lib\site-packages\django\template\backends\django.py", line 88, in get_templatetag_libraries
    libraries = get_installed_libraries()
                ^^^^^^^^^^^^^^^^^^^^^^^^^
  File "E:\tenant_management_system\.venv\Lib\site-packages\django\template\backends\django.py", line 163, in get_installed_libraries
    module_name: full_name for module_name, full_name in get_template_tag_modules()
                                                         ^^^^^^^^^^^^^^^^^^^^^^^^^^
  File "E:\tenant_management_system\.venv\Lib\site-packages\django\template\backends\django.py", line 151, in get_template_tag_modules
    for name in get_package_libraries(pkg):
                ^^^^^^^^^^^^^^^^^^^^^^^^^^
  File "E:\tenant_management_system\.venv\Lib\site-packages\django\template\backends\django.py", line 176, in get_package_libraries
    raise InvalidTemplateLibrary(
django.template.library.InvalidTemplateLibrary: Invalid template library specified. ImportError raised when trying to load 'leases.templatetags.lease_tags': cannot import name 'replace_db_placeholders' from 'leases.utils' (E:\tenant_management_system\leases\utils\__init__.py)

(process:17044): GLib-GIO-WARNING **: 14:25:43.121: Unexpectedly, UWP app `Microsoft.OutlookForWindows_1.2026.225.0_x64__8wekyb3d8bbwe' (AUMId `Microsoft.OutlookForWindows_8wekyb3d8bbwe!Microsoft.OutlookforWindows') supports 4 extensions but has no verbs
