:020000040000FA
:10300000A0150020F95701000158010085180100A2
:1030100000000000000000000000000000000000B0
:103020000000000000000000000000000558010042
:10303000000000000000000007580100C71A01004E
:103040007D1801000B5801000B5801000B580100BE
:103050000B5801000B5801000B5801000B580100E0
:103060000B580100F7E000000B5801000B5801005D
:103070000B5801003BE400000B58010099190100B6
:103080000B5801000B5801000B5801009B18010060
:103090008F1901000B5801000B5801000B5801005B
:1030A0000B5801000B5801000B5801000B58010090
:1030B0000B5801000B5801000B5801000B58010080
:1030C0000348854613F032F800480047A93700004E
:1030D000A01500200020FE490870FE4908707047C6
:1030E00010B51621FC4801F072F91723FA4AFB4982
:1030F000A02009F019FC1421F94800F095FDF849C9
:10310000087515230A46F749A02009F00DFCF6487A
:10311000C078C00905D10723F44AF549A02008F07A
:1031200095FB10BD10B50DF0E0FAF2480DF0C4FAB1
:103130000020F149C86088600860132000F04EFB51
:103140000020EE49C86188610860ED48006BED49D8
:103150000840EB4908630F2000F040FB0020EA49DB
:103160004861EA490860E8494860E548006BE5497C
:103170000F390840E2490863092000F02FFB0020C6
:10318000E3494861E3490860E1494860DC48006B75
:10319000DC497F390840DA4908630C2000F01EFB47
:1031A0000020DD494861DB490860DB494860D448BC
:1031B000006BD449FF390840D14908630D2000F065
:1031C0000DFB06F06EFE0020D4498860D448D34938
:1031D000803188610020D3490860C948C06A400432
:1031E000400CC749C8620422CF49D04800F05AFBBE
:1031F0001421CF4800F018FDCD4908751522CB48A1
:10320000001D00F04FFB0822B849C8482E3000F0DE
:1032100049FB3621C54800F007FDC44920318875B7
:103220003723C24AFF21C731A02008F00FFBC14855
:103230000DF042FAAC48C078C00912D10123BE4A51
:10324000BE49A02008F0C6FABB480078002808D183
:10325000A548C078402188434030A349C87011F088
:1032600071FE10BDA3480DF027FA8120A4494860E3
:103270000020C86109208002C86200200863B049AC
:10328000086120200860486000208860142000F059
:103290009EFA0DF013FE0DF028FA0020A9490861EE
:1032A000A94908604860A9490860A94908604860C0
:1032B000984908604860954908600AF0BFF80DF029
:1032C00073FA9C480DF0F8F962B65CE00020A14961
:1032D000086130BF0DF03FFA9F48A0494860A04800
:1032E0004069C007C00F17D000240BE09A489B49E3
:1032F00048609B48406909210840092800D003E044
:10330000601CC4B2322CF1DB00BF322C04D100208F
:10331000944908700DF02FFA9248007800281DD1CA
:1033200000240BE08C488D4948608D484069092194
:103330000840092800D003E0601CC4B2642CF1DB13
:1033400000BF642C0AD100BFBFF34F8F864881496C
:10335000C860BFF34F8F00BF00BFFEE70020784971
:10336000086120200860486000208860142000F078
:103370002EFA0DF0A3FD01205F490860042048608B
:103380000020C8608860A1E710B500240DF00CFA99
:1033900000BF0EE07248406909210840092803D1A6
:1033A00001200DF095F906E001200DF091F9601C67
:1033B000C4B20A2CEEDB00BF0A2C01D1FFF752FF8A
:1033C00010BD10B5002067490870684912F094FAE2
:1033D0006649091D002012F08FFA01206449087027
:1033E00000206449087041488078634908703F486C
:1033F000407862490870002061490870614908708E
:1034000061490870384880780421884336498870BB
:1034100008468078082188433349887008468078B8
:1034200040218843304988700846807820218843AD
:103430002D4988700846807840084000887008460A
:10344000C078022188432849C8700846C078042102
:103450008843001D2449C8700846C07840084000D1
:10346000401CC8700846C078802188431E49C87037
:1034700008468078102188431B4988700020434902
:103480000870434908604349088043494870087000
:1034900042490880424908803F4988704149087084
:1034A0000F204149087000204049087040490870C9
:1034B0000D484078082188430B4948700846007839
:1034C000402188434030084908703A48007873E04A
:1034D0000100002002000020530700205A240000B1
:1034E000AA0E0020D2130000290000201F00002097
:1034F000071500005AA5000000E000400010004041
:1035000000F00040FEFF00000050004000120140AB
:10351000008000400014014000900040003801404D
:10352000A627000000160140590100205402002087
:10353000800E0020A55A00008B020020B716000064
:1035400000C0004000E000E0001001400011014018
:103550000013014000ED00E03FAA00000000014020
:1035600000F40040D20100200400FA055D010020B3
:103570009E010020A00100206D0100206E010020AE
:10358000E9000020EA000020EB0000207700002086
:10359000180200209A00002094000020A4000020BF
:1035A000140200209F000020380200203902002071
:1035B0003A020020DA000020082188430830A74999
:1035C000087008460078102188431030A34908701D
:1035D00008460078202188432030A049087008461A
:1035E00000784021884340309C4908703C209C4929
:1035F000086010BD10B50DF0F3F8002805D0FFF7F6
:103600006FFDFFF78FFDFFF72DFE10BD10B595483C
:103610000078002814D000209249087001209249B7
:10362000087010F07EFC08F06DFF0BF039F88C4844
:103630000068002804D08A480068401E8849086055
:1036400089480078012809D188490A780978491CF5
:10365000864B19709100864A505880478548C0783B
:10366000802188438349C87010F024FD0FF085FE47
:1036700010BD70B572B655200DF03BF8FFF784FE13
:103680007D4D7E48854200D90EE02802000A401E8A
:103690007B4948610321081F00F0A8F80020784901
:1036A00088610720086100BF0DF01FF862B601F0C5
:1036B00001F80DF079F808F023F908F083F90DF01E
:1036C000AAF8002406E00DF010F864200DF000F8D0
:1036D000601CC4B2642CF6DB02E064200CF0F8FF3E
:1036E0000DF07EF80028F8D10DF0B4F80DF0FEF8DA
:1036F00009F072FE0DF070FB0AF01EFE09F01FFFCC
:10370000002406E00CF0F1FF64200CF0E1FF601CE7
:10371000C4B2322CF6DB552006F06DFA06F0AEFC92
:10372000FFF74FFE09F081FA0CF0DFFF07F03BF8DE
:1037300007F027FB09F06AFF0FF012F94D480078F7
:1037400004218843001D4B49087008460078042175
:103750008843001D474908700846007910218843B6
:10376000103044490871002403E010F0A3FC601CF1
:10377000C4B20C2CF9DB002406E00CF0B6FF642088
:103780000CF0A6FF601CC4B2322CF6DB3348007884
:1037900008218843083031490870084600784008FD
:1037A0004000087062B670BDFFF763FF0EE00CF0DA
:1037B0009CFFFFF71FFF10F0F6F9FFF727FF0AF055
:1037C000EEFF07F03CFC0CF0D3FB62B6EFE7C2065D
:1037D000D20E012191402B4A11607047C206D20ED1
:1037E00001219140274A80321160704710B50028AE
:1037F00019DA254A03071B0F083B9B089B00D25888
:103800008307DC0EFF23A3409A438B071B0E84071C
:10381000E40EA3401A431C4B0407240F083CA408E1
:10382000A4001A5118E0174A03231B02D218830878
:103830009B00D2588307DC0EFF23A3409A438B07DB
:103840001B0E8407E40EA3401A430E4B03242402EC
:103850001B198408A4001A5110BD0000DA000020D2
:103860003C000020CF0100200200002001000020C9
:10387000106201002900002065260000FFFFFF0004
:1038800000E000E000E100E01CED00E07047704760
:1038900010B501E00170401C1346541EE2B2002B2B
:1038A000F8D110BD10B503E00B780370491C401C23
:1038B0001346541EE2B2002BF6D110BD10B503E042
:1038C0000B780370491C401C1346541EE2B2002BB7
:1038D000F6D110BD10B5034607E018780C78A04269
:1038E00001D0AA2010BD5B1C491C1046541EE2B238
:1038F0000028F2D15520F5E710B5034607E0187807
:103900000C78A04201D0AA2010BD5B1C491C1046B7
:10391000541EE2B20028F2D15520F5E7024607E036
:103920001078002801D0AA207047481EC1B2521C4E
:103930000029F5D15520F7E770B50446049D15E040
:1039400020781678B04201DDAA2070BD2078167864
:10395000B04201DA5520F8E7002901DD641C00E0DF
:10396000641E002B01DD521C00E0521E28466E1E14
:10397000F5B20028E4D1FF20E7E730B50246002089
:1039800009E0135C4C1E241A145D14544C1E241AB6
:103990001355441CE0B2CD0F6D186D108542F0DC5C
:1039A00030BD014608110A2250430A07120F801841
:1039B000C0B2704738B504460A21204611F041FFD5
:1039C000C1B26846017000780A214843201AC1B28A
:1039D0006846417000780101684640780818C5B211
:1039E000284638BD0146487800117D22D200504358
:1039F0004A781207120F64235A438218087800117C
:103A00000A23584310180A781207120F80187047BB
:103A100038B504466421204611F0FDFE0D462846C7
:103A2000FFF7C8FF694608706421204611F0F3FED5
:103A300004466421204611F0EEFE0D462846FFF7AD
:103A4000B9FF014668464170008838BDF0B50546AB
:103A50000026012700230AE0E85CFFF7A2FF0446E6
:103A600038466043861964204743581CC3B2042B70
:103A7000F2DB3046F0BDF8B504460E46154610E0C0
:103A80006421304611F0C7FE0F463846FFF792FF1B
:103A90002070641C6421304611F0BDFE0646681E8D
:103AA000C5B2002DECD1F8BD01780907090F09292D
:103AB00005DB0178F02211401031017002E001783D
:103AC000491C01700178992901DD002101707047BE
:103AD00001780907090F05D101780922114310392E
:103AE000017002E00178491E01700178992901DD19
:103AF00099210170704730B503460D4601240AE054
:103B0000012C07D100241878992800DB01241846DD
:103B1000FFF7CAFF5B1C2846691ECDB20028EFD113
:103B2000204630BD30B503460D4601240AE0012C85
:103B300007D100241878002800D101241846FFF787
:103B4000C7FF5B1C2846691ECDB20028EFD1204676
:103B500030BD024607E01078002801D000207047F1
:103B6000481EC1B2521C0029F5D10120F7E710B55B
:103B700001460823002205E0C807C00F01D0D0434A
:103B8000C2B2491018465C1EE3B20028F4D1D00737
:103B9000C00F01D0012010BD0020FCE701780A070A
:103BA000120F0F2A01D1F9221140017070470EB592
:103BB00003469978009159780191197802916846E5
:103BC000007A401EC1B2029102A8FFF7E7FF6846E3
:103BD000007A18706846007A002800D00EBD68464A
:103BE0000079401EC1B2019101A8FFF7D7FF6846D6
:103BF000007900280BD112205870122101916846DB
:103C00000078401EC1B200916846FFF7C7FF6846C2
:103C100000789870FE4968460079085C187068461C
:103C20000079587000BFD9E730B502460C46002A2B
:103C300000D130BD0021002305E01578521C681822
:103C4000C1B2581CC3B2A342F7DB0846F1E710B576
:103C50000246501EEE4C235C022A09D10846CC17BE
:103C6000A40F2418A410A4000C1B01D1581CC3B22B
:103C7000184610BDF7B506460F46062500240EE08F
:103C8000A007800F02D0681CC5B201E0A81CC5B215
:103C90000721284611F0D5FDCDB2601CC4B2B44254
:103CA000EEDB012412E0601ED949085C4019C5B260
:103CB000022C04D1B007800F01D1681CC5B20721C6
:103CC000284611F0BEFDCDB2601CC4B2BC42EADB96
:103CD0000298401E4019C5B20721284611F0B1FDD7
:103CE000C8B2FEBD10B503469818431E8818411E81
:103CF0000EE018780C78A04201DD012010BD187884
:103D00000C78A04202DA0020C043F7E75B1E491E90
:103D10001046541EE2B20028EBD100BFEEE7BD49C9
:103D20000978102291431031BA4A1170042806D044
:103D3000082808D010280AD0202810D10BE0012133
:103D4000B54A117016E00221B34A117012E0032146
:103D5000B14A11700EE00421AF4A11700AE0AD497A
:103D60000978102291431031AA4A11700221AA4AFF
:103D7000117000BF00BF704708B5A6480078C006A4
:103D8000C00F2BD0A5480078002827D1A44948614E
:103D900050204860A04800788000A2490858A049F7
:103DA000C8605A2048600D20012181409E4A116060
:103DB00000BF9948017802208840C1B2684601706E
:103DC0000178417002236A469849A02008F0ACFDB2
:103DD00090480078102188438E49087008BDF8B5D6
:103DE00005460026924F012424070AE001E02D1B1E
:103DF000F619A542FBD20A21384611F00CFD074600
:103E00002409002CF2D13046F8BDF8B5054600264D
:103E1000874C01273F070AE001E02D1BF619A54258
:103E2000FBD20A21204611F0F6FC04463F09002C83
:103E3000F2D13046F8BD10B50346002005E0541E0F
:103E4000241A0C5D1C54441CE0B29042F7DB10BDF8
:103E5000F7B586B015460024002600200590049092
:103E6000002702900390009001902A4602A806992C
:103E7000FFF718FD00BF68E00020059000241CE05B
:103E80000020049002A8005D80210840802801D114
:103E90000120049002A8005D4006000E02A908550A
:103EA0000598012805D102A8005D0121084302A957
:103EB000085504980590601CC4B2AC42E0DB0024B5
:103EC0001CE0002004906846005D802108408028A6
:103ED00001D1012004906846005D4006000E69464D
:103EE00008550598012805D16846005D0121084361
:103EF0006946085504980590601CC4B2082CE0DBA4
:103F0000E800401EB0421ED000241AE06846005D62
:103F10000007000FC71C072F04D96846005DC01CAE
:103F2000694608556846005DF0210840074630376D
:103F3000702F04D96846005D303069460855601C12
:103F4000C4B2082CE2DB701CC6B2E800B04293DCBD
:103F50002A4669460798FFF7A5FC09B0F0BDF7B5FA
:103F600086B0154600240026002005900490002706
:103F700002900390009001902A4668460699FFF748
:103F800091FC00BF7DE0002005902C461EE0002043
:103F90000490601E6946085CC007C00F01D0012074
:103FA0000490601E6946085C4110601E6A46115408
:103FB0000598012806D1601E6946085C80210843E7
:103FC000611E505404980590601EC4B2002CDEDCC3
:103FD000082431E000200490601E02A9085CC0079C
:103FE000C00F01D001200490601E02A9085C41109E
:103FF000601E02AA11540598012806D1601E02A96C
:10400000085C80210843611E50540498059011E01B
:1040100038620100290000204200002043000020F7
:10402000009000404462010000E100E03E1B0000FF
:1040300080969800601EC4B2002CCBDCE800401EC5
:10404000B0421CD0002418E06846005D07073F0F0F
:10405000072F04D96846005DC01E694608556846AA
:10406000005DF02108400746702F04D96846005DC6
:10407000303869460855601CC4B2082CE4DB701C5B
:10408000C6B2402E00DA7EE72A4602A90798FFF75B
:1040900009FC09B0F0BD10B503469818431E8818F6
:1040A000411E0EE018780C78A04201DD012010BD01
:1040B00018780C78A04202DA0020C043F7E75B1EB4
:1040C000491E1046541EE2B20028EBD100BFEEE7B5
:1040D000F7B581B003460C46002200210020009075
:1040E000002500261BE09D5CA65CA8194118284607
:1040F000F02738403740C019C0B20090F020084087
:10410000009FB84203D10807000F092800D9891D74
:10411000A02900D360319954090A501CC2B20398F7
:10412000471EFFB203970028DDD1C8B204B0F0BD2E
:10413000F7B586B0154600240026002005900490AF
:10414000002702900390009001902A4602A8069949
:10415000FFF7A8FB00BF68E00020059000241CE0EA
:104160000020049002A8005D80210840802801D131
:104170000120049002A8005D4006000E02A9085527
:104180000598012805D102A8005D0121084302A974
:10419000085504980590601CC4B2AC42E0DB0024D2
:1041A0001CE0002004906846005D802108408028C3
:1041B00001D1012004906846005D4006000E69466A
:1041C00008550598012805D16846005D012108437E
:1041D0006946085504980590601CC4B2082CE0DBC1
:1041E000E800401EB0421ED000241AE06846005D80
:1041F0000007000FC71C072F04D96846005DC01CCC
:10420000694608556846005DF0210840074630378A
:10421000702F04D96846005D303069460855601C2F
:10422000C4B2082CE2DB701CC6B2E800B04293DCDA
:104230002A4669460798FFF735FB09B0F0BD0246EC
:1042400005E01378521C002B01D00020704708466F
:104250004B1ED9B20028F4D10120F7E710B5024671
:10426000012019E0012816D11378992B02D10023DF
:10427000137010E0002013781B071B0F092B07D1C8
:104280001378103313701378F0242340137002E076
:1042900013785B1C1370521C0B464C1EE1B2002BB2
:1042A000E0D110BDF7B581B003460C4600220021D5
:1042B00000200090002500261BE09D5CA65CA8194C
:1042C00041182846F02738403740C019C0B2009046
:1042D000F0200840009FB84203D10807000F0928CA
:1042E00000D9891DA02900D360319954090A501CB6
:1042F000C2B20398471EFFB203970028DDD1C8B2AF
:1043000004B0F0BDF7B583B007461546002400267B
:104310002A4668460499FFF7C5FA00BF07E06846D9
:10432000005D9921081A69460855601CC4B2AC4268
:10433000F5DB29466846FFF791FF06462A4669469F
:104340003846FFF7AFFF0643002E02D1012006B02A
:10435000F0BD0020FBE778B502460B460020009038
:1043600000211AE0545C002513E068460088604094
:10437000C007C00F06D06E4630884010FB4E70401C
:10438000009003E068460088461000966408681CA8
:10439000C5B2082DE9DB481CC1B29942E2DB684690
:1043A000008878BD30B504460D4629462046FFF703
:1043B000D0FB012801D1552030BD29462046FFF70A
:1043C000CAFF002801D05520F6E7AA20F4E710B56F
:1043D000002203E00478401CA318DAB20B464C1EFE
:1043E000E1B2002BF6D1027010BD10B502460B46AB
:1043F000002103E01478521C6018C1B218465C1EFC
:10440000E3B20028F6D11078884201D1012010BD16
:104410000020FCE702460CE010780007000F092896
:1044200004DC1078F0231840902801DD002070474C
:10443000521C08464B1ED9B20028EDD10120F6E7E8
:1044400070B505460E46144631462846FFF7CDFFA7
:10445000002800D170BD21462846FFF7DBFFF9E7B1
:104460000246002A01D1012070470CE010780007B5
:10447000000F092801DD0120F6E71078992801DDF9
:104480000120F1E7521C08464B1E99B20028EDD1DD
:1044900000BFE9E710B5B6480078C007C00F08D0E4
:1044A000B44811F01FFA01214902884201D90120C4
:1044B00010BD0020FCE710B51421AF48FFF795FFB1
:1044C00000280FD11423AC4A13210902A02008F0C0
:1044D0005DFA002806D01523A74AFF21CB31A02082
:1044E00007F078F91421A548FFF79EFBA349097D41
:1044F000884205D01423A14AA149A02008F046FA19
:104500001A21A048FFF790FB9E49897E884205D07A
:104510001A239C4A9C49A02008F038FA162211461A
:104520009A48FFF78DFF002817D11723974A98491B
:10453000A02007F04FF9162211469448FFF780FF9C
:1045400000280AD11723914A9249A02007F042F986
:10455000162211468D48FFF773FF10BD10B51622C5
:1045600011468A48FFF76CFF002817D11723874AA6
:104570008749A02007F02EF9162211468348FFF73D
:104580005FFF00280AD11723804A8249A02007F044
:1045900021F9162211467D48FFF752FF10BD70B574
:1045A0007D48C0788007C00F55D07B48C078022175
:1045B00088437949C8700846C0784007C00F08D0C2
:1045C0000846C078042188437349C8700CF034FA57
:1045D00041E07248807972498979884211D16F48E7
:1045E00040796F49497988420BD16C4800796C4910
:1045F0000979884205D16948807869498978884273
:1046000009D06548C07840084000401C6249C87025
:104610000CF012FA1FE061494878FFF7C2F905462D
:104620005F494878FFF7BDF90446601D854202DC0A
:10463000681D844209DD5848C07840084000401C8D
:104640005549C8700CF0F8F905E05348C0784008A7
:1046500040005149C87070BD10B552480068262806
:1046600002D026204F4908604E480069002802D039
:1046700000204C4908614B484068202802D0202087
:10468000484948600CF01AFC47480068032802D0EB
:1046900003204549086044488068022802D002206F
:1046A0004149886040484068082802D008203E49B7
:1046B000486010BD10B53D4800683D4908403B4981
:1046C00008603C480BF0F8FF384880680121084337
:1046D0003649886008460069354908403349086111
:1046E00035480BF0E9FF354800683149C91F0840DB
:1046F00032490860324800682D490B39084030497A
:1047000008602C480BF0D8FF2D4880680C21084326
:104710002B498860084600692549C91E0840284978
:104720000861084600692249C91F084024490861F8
:10473000224880681E49C91F0840204988600846F1
:10474000C0681B49C91F08401C49C8601D488068D3
:1047500017493F3908401B4988600846C06814491A
:104760003F3908401749C86010BD000008840000A8
:10477000D5000020380E0020800E0020AA0E002058
:10478000D2130000D7060020771A0000530700203C
:104790005A2400005A370000290000201F00002082
:1047A000D301002000C0004000E00040001601409E
:1047B000FEFF0000A55A00005AA5000000140140A9
:1047C000001301400010014010B56A4880686A4B30
:1047D0001840684B98601846C068674B1840654B96
:1047E000D860184600690823184205D0634800784D
:1047F000401C624B187004E061480078401C604B1C
:1048000018705F4800785D4B1B78C018C2B20A2A46
:1048100062DB5B480078002822DD0020594B1870CD
:1048200059480078FB2804DA57480078401C564B5A
:10483000187055480078782805DD54480078102312
:104840009843524B187050480078C8282BDD5048C8
:1048500000780007C00F01D1002124E0012122E0EF
:104860000020494B187047480078FB2804DA454877
:104870000078401C434B187042480078782806DDC9
:1048800042480078102398431030404B18703D4840
:104890000078C82807DD3E4800780007C00F01D027
:1048A000002100E001213B484078202398434B0140
:1048B000202423401843374B587034480078802315
:1048C0009843CB01802423401843304B18700020BC
:1048D0002B4B1870294B18702F480078401C2E4B1A
:1048E000187018460078FA2818DD002018702B4838
:1048F0000078401C294B187018460078F0280DDD10
:1049000000201870234840788006C00F06D0244845
:104910000078082398430830214B1870002010BD00
:1049200010B5204880681449383908401D4988600E
:104930000846C0681049383908401A49C860084616
:1049400000694021084210D117480088401C1649D0
:10495000088008460088FF21F531884208DD0020E4
:10496000114908800BF042FB02E000200E4908804C
:1049700010BD000000140140F7FF000007000020F8
:10498000060000200900002008000020730100201C
:10499000D9000020D70000200500002004000020DE
:1049A000DA000020001001400A00002070B5014626
:1049B000002000220024112500BF1CE02B19DE0F6F
:1049C000F618F605320E904213D0104643005B1CD9
:1049D0009B00FD4EF3588B4200D170BD43005B1C21
:1049E0009B00F94EF3588B4201D2044603E0054682
:1049F00001E01120F1E7E1E71FB504460020019036
:104A0000217868460171617841717D21C900019862
:104A100048430190002000901C2004F002FC00900C
:104A2000EA49009810F0F7FE00900099019810F004
:104A3000F2FE81B203911121029169460989490070
:104A4000E34A8818022203A9FEF72CFF1FBD7FB599
:104A500004460D46164600200190217868460171F3
:104A600061784171A1788171E178C1717D21C900BE
:104A700001984843019000200090284604F0D1FBA3
:104A800000900121C9070098884202D30098404253
:104A90000090D049009810F0BEFE00900099019857
:104AA00010F0B9FE81B20391029669460989490066
:104AB000C74A8818022203A9FEF7F4FE7FBD7CB521
:104AC00005460C462078042801DD01207CBD2078B5
:104AD000002809D16078002806D1A078002803D1E9
:104AE000E078002800D1F1E72078022811D1182DB4
:104AF0000DD01A2D0BD01B2D09D01C2D07D0142D35
:104B000005D0192D03D01E2D01D00120DEE7B24EB5
:104B100011E0207804280CD1182D07D0142D05D0D1
:104B2000192D03D01C2D01D00120CFE7AA4E761DF0
:104B300001E00120CAE7182D05D1207821798842AB
:104B400001DD0120C2E7B1B205236A46A02006F0CC
:104B500041FE04216846FFF767F8694609798842F3
:104B600012D013200002301881B205236A46A0201B
:104B700006F030FE04216846FFF756F869460979C9
:104B8000884201D00120A1E7684600782178884258
:104B90000ED1684640786178884209D168468078AD
:104BA000A178884204D16846C078E178884201D073
:104BB00002208BE7002089E770B505460E460024E9
:104BC000012D05D1042231468448FEF76BFE04E036
:104BD000042231468148FEF765FE172280497F484E
:104BE0001B38FEF75FFE17227D497E48FEF75AFE0E
:104BF00004227D497948FFF775F8002801DB012080
:104C000070BD0422754908317448FFF791FA0823F2
:104C1000764A7749A02007F0B9FE04227349091D9E
:104C2000081FFFF75FF8012836D104226B490831CD
:104C30006E48001DFFF736FB04226C49091D081F52
:104C4000FFF750F801280BD1012408216748FFF72E
:104C5000BEFB0923654A6649A02007F065FE1CE0FB
:104C6000022404226149091D6248FEF71BFE04224A
:104C70005E496048FFF746FB04225C49081DFEF7C9
:104C800011FE08215948FFF7A2FB0923574A58494A
:104C9000A02007F049FE00E00024002C3DD10422B2
:104CA0004E4908314F48801CFFF7FCFA07224C4957
:104CB0004C48FFF717F8401C01D10120A0E707225C
:104CC0004849C91DC81FFFF70DF8401C0AD107222B
:104CD0004449C81DFFF716FB072200214148FEF793
:104CE000D7FD0BE007223F49C91DC81FFFF70AFB8C
:104CF000072200213B48C01DFEF7CAFD04213E48A3
:104D0000FFF79DFA002847D104223B493548801C13
:104D1000FEF7E8FF01283FD172E7022C3CD10422C4
:104D200034493048801CFFF7BDFA07222C492D4832
:104D3000FEF7D8FF401C01D1012061E70722294975
:104D4000C91DC81FFEF7CEFF401C0AD10722254906
:104D5000C81DFFF7D7FA072200212248FEF798FD69
:104D60000BE007221F49C91DC81FFFF7CBFA072216
:104D700000211C48C01DFEF78BFD04211E48FFF7D3
:104D80005EFA002808D104221B491648801CFEF751
:104D9000A9FF012800D133E70423114A921C1449CA
:104DA0002931A02006F052FD04220C490831134895
:104DB000FEF778FD002C25D104220849083110485F
:104DC000FFF770FA25E0000088620100102700005C
:104DD000FE0D0020E8030000501B00009C0700208F
:104DE000530700206A070020826201004A07002062
:104DF00051240000CF070020E90600207C0000209D
:104E000080000020022C04D10422FE49FE48FFF756
:104E100049FA0421FC48FFF7DAFA0523FA4AFB496C
:104E2000A02007F081FD0421F948FFF717FA1621A9
:104E3000F7480E38FFF7CBFA1723F54A0E3AF34935
:104E40000E31A02007F070FD1623F24AEF490E3113
:104E5000A02007F09BFDF048807804218843001DC6
:104E6000ED4988700846807840218843EA49887077
:104E70000EF064F80020C3E670B504460D46012C20
:104E800005D104222946E548FEF70CFD04E0042282
:104E90002946E248FEF706FD1722DE49DF481B38A7
:104EA000FEF700FD1722DB49D9480E38FEF7FAFC61
:104EB0000422DB49D948FEF715FF002801DB012059
:104EC00070BD0422D5490831D448FFF731F90421D7
:104ED000CF480C38FFF7B3F9002809D10422CF4995
:104EE0000831C948FEF7FEFE002803DA0120E7E793
:104EF0000120E5E70422C9490831C5480C38FEF70E
:104F0000F1FE00280DDB0422C4490831C0480C38EA
:104F1000FFF7F8F907220021BD48C01FFEF7B8FCD3
:104F200017E00422BD490831B648FEF7BBFC042255
:104F3000B7490C39B348FFF7E5F90422B149B44841
:104F4000401FFFF7AFF907220021B1480E38FEF7E6
:104F50009FFC0423AF4A921CAC492E31A02006F0DE
:104F600075FC0422AD490831AE48FEF79BFC0422D3
:104F7000AA490831A448FEF7B5FE002806DB042242
:104F8000A6490831A048FFF7BDF904E00522002139
:104F90009D48FEF77DFC04219B48FFF718FA052386
:104FA000994A9A49A02007F0BFFC04219848FFF7CE
:104FB00055F904219648001DFFF750F91621944831
:104FC0000E38FFF704FA1723914A0E3A8F490E3133
:104FD000A02007F0A9FC16238E4A8C490E31A02090
:104FE00007F0D4FC8C48807804218843001D8A494E
:104FF0008870084680784021884340308649887010
:105000000DF09CFF00205BE770B5044604212046AC
:105010001030FFF714F9002804D1022082490870EB
:10502000002070BD172200217C481B38FEF730FCA1
:105030001722002176480E38FEF72AFC042221466A
:1050400008317A48FEF72EFC04227449083177486B
:10505000FFF76EF80422214610317448FEF722FC57
:1050600004226E49091F7148FFF762F804226B4958
:10507000091F6748FEF716FC042200216448001D42
:10508000FEF706FC04226549083161480C38FEF73A
:1050900009FC0422614908316248FEF703FC04223E
:1050A0005E4908315848FEF7FDFB04225B49083190
:1050B0005F48FEF7F7FB042200215D48001DFEF764
:1050C000E7FB08215A48FFF782F90923584A4F495C
:1050D000491DA02007F028FC04214B48FFF777F971
:1050E0000523494A4949A02007F01EFC16214848DB
:1050F0000E38FFF76CF91723454A0E3A43490E3133
:10510000A02007F011FC1623424A40490E31A0208E
:1051100007F03CFC00204749087001230A46464935
:10512000A02006F093FB152200214448FEF7B0FBB7
:1051300014214248FEF778FD4049087515230A46B8
:1051400013210902A02007F0EFFB042200213C48B4
:10515000FEF79EFB04223A493A48FEF7A3FB2A22B7
:1051600036493848001DFEF79DFB08223649354870
:105170002E30FEF797FB36213248FEF755FD3149B8
:105180002031887537232F4AFF21C731A02006F030
:105190005DFB152200212D48FEF77AFB15232B4AD3
:1051A0002B49A02007F0C0FB0BF09FFA80220021C2
:1051B0002848FEF76DFB0A2200212748FEF768FB0E
:1051C0000723244A09218902A02007F0ADFB00250E
:1051D0000AE0E80131225202811880231D4AA020F2
:1051E00006F034FB681CC5B2122DF2DB8023194A8D
:1051F0001A49A02006F02AFB3723164A17498031A6
:10520000A0202DE0CF070020800000204C240000CB
:105210007807002053070020290000209C07002069
:10522000826201007C000020930000207F040020A7
:105230004A0700207700002026150000800E00207D
:1052400059010020540200201F000020AA0E002057
:10525000D21300008B0200203C0200207E6A000076
:1052600006F0F4FA0423FE4AFE49A02006F0EEFA06
:1052700001200DF017FBFC48807804218843001DB5
:10528000F94988700DF05AFE0120CAE670B504464F
:105290000622F64920460830FEF724FD002804D0F7
:1052A0000120F3490870002070BD12220021F1484E
:1052B000FEF7EEFA12220021EF48FEF7E9FA042287
:1052C00021461431ED48FEF7EDFA0422E949233175
:1052D000EA48FEF72DFF04220021E848FEF7D8FA3D
:1052E000022221461831E548FEF7DCFA0422E149A2
:1052F0001731E248FEF71CFF0422DE491731DE4871
:105300000E30FEF7CFFA04220021DB481230FEF700
:10531000BFFA0422D7492331D748801CFEF7C2FACE
:105320000422D4492331D648FEF7BCFA0422D149DD
:105330002331D448FEF7B6FA04220021D248FEF702
:10534000A7FA04220021D048001DFEF7A1FA082187
:10535000CD48FFF73CF80923CB4AC2492939A020A0
:1053600007F0E2FA0421C748FFF731F80523C54AE0
:10537000BC492E39A02007F0D7FA1621BE48FFF706
:1053800026F81723BC4AB7492039A02007F0CCFAE9
:105390001623BE4AB3492039A02007F0F7FA0020AF
:1053A000BB49087001230A46BA49A02006F04EFA0C
:1053B00006F0E1FA042221461A31B048FEF772FAEB
:1053C0000422B549AD48FEF7B3FE0422B249B34802
:1053D000FEF768FA0422B049B048001DFEF762FAF1
:1053E0001421AE48FEF720FCAC49087515230A4687
:1053F00013210902A02007F097FA04220021A848EF
:10540000FEF746FA0422A649A648FEF74BFA2A22DE
:10541000A249A448001DFEF745FA0822A249A14866
:105420002E30FEF73FFA36219E48FEF7FDFB9D49E0
:105430002031887537239B4AFF21C731A02006F011
:1054400005FA802200218648FEF722FA0A2200216E
:105450009648FEF71DFA0A23814A09218902A020F5
:1054600007F062FA00250AE0E801312252028118B1
:1054700080237B4AA02006F0E9F9681CC5B2122DF2
:10548000F2DB8023764A8A49A02006F0DFF9372331
:10549000734A87498031A02006F0D8F901200DF029
:1054A00001FA0DF04BFD0120FEE670B50446062121
:1054B00020461830FEF7AEFF002804D108206C49C2
:1054C0000870002070BD082221460C317948FEF793
:1054D000E9F90622654920461830FEF703FC00284A
:1054E00004D00120624908700020EBE7FF239133CC
:1054F000714A6849491CA02006F06CF900251DE09E
:10550000E8006D4A8118082220460C30FEF7EAFBBD
:10551000002811D156490870042221460831554807
:105520001B30FEF7BFF904225249233108460838E0
:10553000FEF7FEFD0120C5E7681CC5B2322DDFDB9A
:105540000422214608314D48FEF7ACF908222146D5
:105550000C314A48001DFEF7A5F9042221461431FA
:1055600046480C30FEF79EF944490120FFF724FB22
:105570000646002E04D004203D4908700020A1E713
:1055800043480078322802DB002041490870404936
:105590000978C900484A881808224649FEF782F966
:1055A0003B480078C000444BC21839480078C0001E
:1055B000384B5B1CC1180823A02006F047F934487B
:1055C0000078401C3249087008460078322801DB18
:1055D0000020087001232E4A2E49A02006F036F93B
:1055E00001206FE770B50446062120461830FEF70B
:1055F00011FF002804D108201D490870002070BD4B
:10560000082221460C312B48FEF74CF90622174997
:1056100020461830FEF766FB002804D0012014490C
:1056200008700020EBE7FF239133234A1949491CF6
:10563000A02006F0CFF800254CE0E8001E4A8118B3
:10564000082220460C30FEF74DFB002840D10849C7
:10565000087004222146083106481B302EE0000065
:105660008B0200207A240000290000200C0000207A
:1056700093000020810700206A0700207F0400209B
:105680007C000020800000204A07002053070020F3
:10569000770000202615000047050020800E00201E
:1056A00059010020540200201F0000203C0200206D
:1056B0007E6A00006F000020D7070020FEF7F2F896
:1056C0000422FE4908460838FEF732FD012096E71D
:1056D000681CC5B2322DB0DB042221460831F848DF
:1056E000FEF7E0F8042221460C31F548001DFEF7D4
:1056F000D9F8042221461031F1480830FEF7D2F8DB
:10570000EF490120FFF7B8FB0646002E04D0042025
:10571000EC490870002072E7EB490978C900EB4AB0
:1057200088180822EA49FEF7BDF8E7480078C0006B
:10573000E64BC218E4480078C000E64BC1180823C5
:10574000A02006F083F8E0480078401CDE4908708D
:1057500008460078322801DB002008700123DA4A6D
:10576000DC49491EA02006F071F8012047E770B51A
:10577000054600248F212846FEF74CFE002801D163
:10578000012070BD002605E0A85D992800D003E047
:10579000701CC6B2052EF7DB00BF002405E0285DB3
:1057A000002800D003E0601CC4B2052CF7DB00BF6A
:1057B000052C09D0052E07D0052128460BF0E0F96D
:1057C000002801D00120DCE705222946C248FEF767
:1057D00069F80521C048FEF727FABF49487106233A
:1057E0000A46BE49A02007F09FF8002606E0701D7B
:1057F000285C992800D003E0701CC6B2052EF6DBA9
:1058000000BF002406E0601D285C002800D003E0F3
:10581000601CC4B2052CF6DB00BF052C09D0052E98
:1058200007D00521681D0BF0ABF9002801D001203D
:10583000A7E70522691DA848FEF734F80521A64808
:10584000FEF7F2F9A449487106230A46A349891DC7
:10585000A02007F069F8002607E030460A30285CEF
:10586000992800D003E0701CC6B2052EF5DB00BFFE
:10587000002407E020460A30285C002800D003E01E
:10588000601CC4B2052CF5DB00BF052C0AD0052E28
:1058900008D0052128460A300BF072F9002801D003
:1058A00001206EE7052229460A318B48FDF7FAFFF1
:1058B00005218948FEF7B8F98749487106230A4649
:1058C0001B210902A02007F02FF8002607E0304630
:1058D0000F30285C992800D003E0701CC6B2052E5A
:1058E000F5DB00BF002407E020460F30285C0028CD
:1058F00000D003E0601CC4B2052CF5DB00BF052C12
:105900000AD0052E08D0052128460F300BF038F9B3
:10591000002801D0012034E7052229460F316E48C6
:10592000FDF7C0FF05216C48FEF77EF96A49487112
:1059300006230A466949891FA02006F0F5FF287D45
:105940006549087008460078487002230A46634992
:105950000C31A02006F0E8FF687D5F49087008461A
:105960000078487002230A465C490E31A02006F0F8
:10597000DBFFA87D5849087008460078487002236C
:105980000A4656491031A02006F0CEFFE87D524964
:10599000087008460078487002230A464F491231C1
:1059A000A02006F0C1FF287E4B4908700846007809
:1059B000487002230A4649491731A02006F0B4FF77
:1059C0001622294619314648FDF76CFF0422294664
:1059D000333143481630FDF765FF1A2240493848F5
:1059E000FDF760FF1A213648FEF71EF93449887624
:1059F0001B230A4639499539A02006F095FF1A2342
:105A0000374A36499539A02006F0C0FF10222946B2
:105A100037313148FDF746FF10212F48FEF704F9D2
:105A20002D4908741022294647312B481130FDF7C3
:105A300039FF102128481130FEF7F6F826492031A9
:105A400048702223244A2749A02006F06DFF0C222B
:105A5000294657312048FDF725FF00240BE0A2001E
:105A600008321D4BD118A2000C32D0180422FDF7C9
:105A700019FF601CC4B2032CF1DB18211648FEF795
:105A8000D3F8154908761022294663311248193097
:105A9000FDF708FF00240BE0A20025320E4BD118C1
:105AA000A2002932D0180422FDF7FCFE601CC4B20B
:105AB000032CF1DB1C210848193015E0A407002055
:105AC0007F0400209300002077000020D7070020EB
:105AD0006F000020271500000F0600200C1B00009F
:105AE000D706002016250000FEF79EF8FA494875F3
:105AF00036230A46203AF949A02006F015FF0C2269
:105B000029467331F4482038FDF7CCFE00240CE020
:105B1000A2000832F04B203BD118A2000C32D01862
:105B20000422FDF7BFFE601CC4B2032CF0DB182179
:105B3000E9482038FEF778F8E7492039087610223E
:105B400029467F31E448C01FFDF7ACFE00240CE07D
:105B5000A2002532E04B203BD118A2002932D018F8
:105B60000422FDF79FFE601CC4B2032CF0DB1C2155
:105B7000D948C01FFEF758F8D749487536230A465A
:105B8000203AD6493631A02006F0CEFED44800791E
:105B9000102188431030D24908710846007804214A
:105BA0008843001DCE4908700020EAE570B505461F
:105BB0000024B4212846FEF72DFC002801D1012045
:105BC00070BD06222946C748FDF76CFE022413E08B
:105BD000C448C07861006118C24A50541046017927
:105BE00060002018401C11541046417960002018B4
:105BF000801C1154601CC4B20E2CE9DB2A21B94868
:105C0000FEF712F8B749203188722B23B54AB649FE
:105C1000A02006F089FE0622A91DB248FDF742FE2B
:105C2000022413E0AF48C07861006118AD4A5054B7
:105C30001046017960002018401C1154104641792B
:105C400060002018801C1154601CC4B20E2CE9DBCB
:105C50002A21A448FDF7E8FFA249203188722B23AE
:105C6000A04AA249A02006F05FFE2A2229460C3154
:105C70009C48FDF717FE2A219A48FDF7D5FF994960
:105C8000203188722B23974A97492B31A02006F0A8
:105C90004BFE2A22294636319248FDF703FE2A217F
:105CA0009048FDF7C1FF8F49203188722B238D4A20
:105CB0008D495631A02006F037FE2A222946603150
:105CC0008848FDF7EFFD2A218648FDF7ADFF85499D
:105CD000203188722B23834A84492B31A02006F07F
:105CE00023FE2A2229468A317E48FDF7DBFD2A2140
:105CF0007C48FDF799FF7B49203188722B23794A34
:105D00007A495631A02006F00FFE7548007910211F
:105D1000884310307249087108460078042188438E
:105D2000001D6F49087000204AE770B50546002441
:105D300085212846FEF794FB002801D0012070BD84
:105D4000002605E0A85D992800D003E0701CC6B2CB
:105D5000052EF7DB00BF002405E0285D002800D0F9
:105D600003E0601CC4B2052CF7DB00BF052C09D092
:105D7000052E07D0052128460AF002FF002801D091
:105D80000120DCE7052229465648FDF78BFD052159
:105D90005448FDF749FF5349487106230A465249C2
:105DA0004E39A02006F0C0FD002606E0701D285CDC
:105DB000992800D003E0701CC6B2052EF6DB00BFA8
:105DC000002406E0601D285C002800D003E0601C71
:105DD000C4B2052CF6DB00BF052C09D0052E07D078
:105DE0000521681D0AF0CCFE002801D00120A6E79D
:105DF0000522691D3B48FDF755FD05213948FDF792
:105E000013FF3849487106230A4637494839A0200C
:105E100006F08AFD002607E030460A30285C992803
:105E200000D003E0701CC6B2052EF5DB00BF0024D5
:105E300007E020460A30285C002800D003E0601C00
:105E4000C4B2052CF5DB00BF052C0AD0052E08D006
:105E5000052128460A300AF093FE002801D00120CF
:105E60006DE7052229460A311E48FDF71BFD052175
:105E70001C48FDF7D9FE1B49487106230A461B2121
:105E80000902A02006F050FD002607E030460F3042
:105E9000285C992800D003E0701CC6B2052EF5DB03
:105EA00000BF002407E020460F30285C002800D007
:105EB00003E0601CC4B2052CF5DB00BF052C17D035
:105EC000052E15D0052128460F300AF059FE00286E
:105ED0000ED0012033E700002F06002038250000F7
:105EE000290000208B0200205A1B0000DD1C00004E
:105EF000052229460F31FE48FDF7D4FC0521FC4858
:105F0000FDF792FEFA49487106230A46F949A02096
:105F100006F00AFD287DF6490870084600784870AA
:105F200002230A46F3491231A02006F0FDFC687DE9
:105F3000EF49087008460078487002230A46ED4988
:105F40001431A02006F0F0FCA87DE949087008464D
:105F50000078487002230A46E6491631A02006F070
:105F6000E3FCE87DE24908700846007848700223A7
:105F70000A46E0491831A02006F0D6FC287EDC490C
:105F8000087008460078487002230A46D9491D3136
:105F9000A02006F0C9FC062229461931D448FDF795
:105FA00081FC022413E0D248C07861006118D04A15
:105FB00050541046017960002018401C11541046BE
:105FC000417960002018801C1154601CC4B20E2C52
:105FD000E9DB2A21C648FDF727FEC5492031887232
:105FE0002B23C34AC3495431A02006F09DFC06224E
:105FF00029461F31BE48FDF755FC022413E0BC487A
:10600000C07861006118BA4A5054104601796000A6
:106010002018401C11541046417960002018801C43
:106020001154601CC4B20E2CE9DB2A21B048FDF7E4
:10603000FBFDAF49203188722B23AD4AAE49A02029
:1060400006F072FC182229462531A948FDF72AFCE2
:10605000082413E0A648407D61006118A44A50540A
:106060001046817D60002018401C11541046C17DEF
:1060700060002018801C1154601CC4B20E2CE9DB97
:106080002A219B48FDF7D0FD9949203188722B23A6
:10609000974A98497F31A02006F046FC18222946ED
:1060A0003D319348FDF7FEFB082413E09048407D06
:1060B000610061188E4A50541046817D600020189E
:1060C000401C11541046C17D60002018801C1154E2
:1060D000601CC4B20E2CE9DB2A218548FDF7A4FD23
:1060E0008349203188722B23814A8249AA31A0201A
:1060F00006F01AFC1822294655317D48FDF7D2FBDF
:10610000082413E07A48407D61006118784A5054B1
:106110001046817D60002018401C11541046C17D3E
:1061200060002018801C1154601CC4B20E2CE9DBE6
:106130002A216F48FDF778FD6D49203188722B23A5
:106140006B4A6D492B31A02006F0EEFB1822294640
:106150006D316748FDF7A6FB082413E06448407DD5
:1061600061006118624A50541046817D6000201819
:10617000401C11541046C17D60002018801C115431
:10618000601CC4B20E2CE9DB2A215948FDF74CFDF6
:106190005749203188722B23554A57495631A02040
:1061A00006F0C2FB5548007804218843001D53497E
:1061B00008700020C3E570B505460C46042250491E
:1061C0002046FDF76FFB002D05D108220021201D80
:1061D000FDF75EFB04E008224A49201DFDF762FB43
:1061E0000422494920460C30FDF75CFB0422474954
:1061F00020461030FDF756FB042245492046143056
:10620000FDF750FB042241490C3920461830FDF7B8
:1062100049FB0422002120461C30FDF739FB0021F8
:106220002020015504223949491F20462130FDF71D
:1062300039FB70BDF3B58FB00D4600200E900026DF
:1062400010E0242002F0EDFF0446E00FC00701D06B
:10625000E043441C0E9800190E9064200AF038FAAE
:10626000701CC6B2AE42ECDB29460E980FF0D3FA92
:106270000E902849CA798B79110219431922D2014B
:10628000514308460FF0B2FD234A244B0B910A906C
:106290000FF0C4FC0D910C900FF04CFE20490860EB
:1062A0000F980FF0B7FD0B910A900F980FF0B2FD09
:1062B000079106900E980FF091FD00901848016824
:1062C00000980FF0B8FB01900FF020FE0022154B54
:1062D000039102900FF0A2FC05910490079B069A8F
:1062E0000FF08DFC099108900B9B0A9A1CE00000AE
:1062F0008B020020061B0000DD1C0000290000208E
:10630000340100206F000020800E00206107002073
:10631000A40700208E0D0020CC47C9E065DCB73F04
:106320004C01002000408F400FF0E0FC0D910C90DC
:106330000FF000FE0746384611B0F0BDF0B597B03B
:10634000064600240020169015901490332003F088
:1063500052FCFE49CA798B79110219431922D201E4
:10636000514308460FF042FDF94AFA4B1191109043
:106370000FF054FC139112900FF0DCFDF649086009
:106380003F210901742002F043FF002516E0C820D8
:106390000AF09EF9C8200AF09BF964200AF098F9E7
:1063A000142002F03EFF1699401816901C2002F0AF
:1063B00038FF159940181590681CC5B2052DE6DB0D
:1063C000294616980FF027FA1690294615980FF0CF
:1063D00022FA15900AF089F930460930FDF736FBAC
:1063E000149014980FF016FD0B910A9016980FF068
:1063F00011FD0791069015980FF0F0FC0090D6481B
:10640000016800980FF017FB01900FF07FFD00224C
:10641000D24B039102900FF001FC05910490079B71
:10642000069A0FF0FBFB099108900B9B0A9A0FF05C
:106430005DFC002201239B070D910C900FF056FC90
:106440000022C74B0F910E900FF050FC0022C54B5D
:10645000119110900FF0D3FB139112900FF06AFD81
:10646000074639467F20C0050FF04FFA13900120F0
:10647000C0077840129013990FF0DDFA074600210B
:1064800038460FF073FD09D83946472000060FF053
:1064900095FA13900FF0E2FC04460DE039464720D0
:1064A00000060FF08BFA8F21C90512900FF02DFA1C
:1064B00013900FF0D3FC0446A4B2A4482038847192
:1064C000210AC1710472210A41728472210AC172C7
:1064D000A5488470210AC17021460C2002F098FE64
:1064E00064200AF0F5F82146102002F091FE6420A5
:1064F0000AF0EEF82146142002F08AFE002506E09C
:106500000AF0F3F864200AF0E3F8681CC5B2282DFD
:10651000F6DB05211498FFF78DFE07460120C00722
:1065200078400D900FF0F2FC904A914B0F910E9035
:106530000FF0DCFB00228A4B119110900FF06EFBE4
:10654000139112900FF0F6FC0746002138460FF029
:106550000DFD04D838460FF081FC044608E03946AA
:106560008F20C0050FF0D1F913900FF077FC04468F
:10657000A4B2764820380473210A41737A48047122
:10658000210A41712146182002F042FE16980FF0B0
:1065900041FC1191109015980FF03CFC0022704BBB
:1065A0000D910C900FF0A2FB0F910E90119B109A81
:1065B0000FF034FB139112900FF08AFC1490149892
:1065C000C00FC00703D01498C043401C1490149807
:1065D000000A149014980FF01DFC664A664B119146
:1065E00010900FF01BFB139112900FF071FC0446FA
:1065F000A4B256480470210A41705B480473210A12
:1066000041732146402002F003FEB01CFDF7EAF979
:10661000159015A8FEF7F0F9701DFDF717FA169002
:106620001222142116A8FEF712FA30460930FDF79F
:106630000DFA1490642114980FF0EDF814901322C1
:10664000242114A8FEF703FA4C480078202188433F
:1066500020304A4908702C214348FDF77CFE81B266
:10666000414820300173090A41732E233E4A4449B0
:10667000A02006F072F9AA2003F0BDFA552003F01D
:10668000BAFA002017B0F0BDF0B58BB006460C4644
:10669000F07A04218843F072707B8006C00F18D115
:1066A000A078802815D1E078802812D12079802820
:1066B0000FD1607980280CD12078912809D1707B86
:1066C0000007400F052804D100202E49086002F081
:1066D00008FD707B8006C00F01D002F03DFAA07863
:1066E00029490870E0784870207988706079C8700E
:1066F000002509E0079800020321491BA21C515CF8
:1067000001430791681CC5B2042DF3DB307BC00741
:10671000C00F59D02078AA280FD11C480078C00794
:10672000C00F0AD005F027F92820B0740620707435
:10673000002006F092FB02F0D8FC2078C006C00EC4
:10674000082841D02078C006C00E21E08E0D002020
:10675000CC47C9E065DCB73F4C01002000408F40CA
:106760000000E0400000F03FFE0D002083C0CAA101
:1067700045B6FB3FFCA9F1D24D62503F27000020F7
:1067800083700000CC00002034010020290000208C
:10679000112819D02078C006C00E202814D02078E7
:1067A000C006C00E21280FD02078C006C00E1328C6
:1067B0000AD02078C006C00E1C2805D02078C0065C
:1067C000C00E032800D082E7307B4007C00F39D0CD
:1067D00020781F280DD1F7480FF084F8F649884239
:1067E00007D1F648007840084000401CF349087083
:1067F0006DE72078C006C00E112823D02078C0068F
:10680000C00E14281ED02078C006C00E202819D033
:106810002078C006C00E212814D02078C006C00EF3
:1068200013280FD02078C006C00E07280AD0207881
:10683000C006C00E152805D02078C006C00E03285B
:1068400000D044E720788006C00F09D02078AA281D
:1068500006D0B07A02218843801CB07202F02AFC74
:106860002078C006C00E112802D1607804280ED00E
:106870002078C006C00E142809D02078C006C00EAB
:10688000072804D02078C006C00E032876D1C94856
:106890000FF028F8CA4988420CD0C6480FF022F8F9
:1068A000C749491C884205D0C2480FF01BF8C549AA
:1068B00088420ED1BF480FF015F808A900900BF0E0
:1068C00055F900286AD1B07A02218843801CB07241
:1068D000C4E76079002802D0607901280ED1B5485C
:1068E0000FF000F808A900900BF005FE002855D124
:1068F000B07A02218843801CB072AFE76079052826
:106900000ED1AC480EF0EEFF08A900900BF08DFA06
:10691000002843D1B07A02218843801CB0729DE7E1
:10692000A448C078032803D1A2484078FF2815D096
:10693000A048C078032803D19E48807830280DD025
:106940009C48C078032803D19A488078112805D044
:1069500060790F2813DD6079202810DA95480EF051
:10696000C1FF002208A900900BF061FB002815D19F
:10697000B07A02218843801CB0726FE70EE08D4828
:106980000EF0B0FF08A900900BF0F0F8002805D138
:10699000B07A02218843801CB0725FE72078C0067D
:1069A000C00E15282DD014DC112870D00BDC032864
:1069B00044D0072801D102F0BBF8082801D002F02A
:1069C000B8F802F06BF8132812D01428F7D101F0B0
:1069D00009F816380728F2D243007B449B885B00F5
:1069E0009F44480FF90F920FA7109B10A7109A0E03
:1069F00006227549A01CFCF755FF0620607002F0C6
:106A00009BF8002509E00520411BA01C405C0521E6
:106A1000491B6D4A5054681CC5B2062DF3DB062194
:106A20006948FDF701F96849887107230A466749F3
:106A3000A02005F079FF00206070E0E7A0785D49B4
:106A40000870E0784870207988706079C8700025F7
:106A500009E0079800020321491BA21C515C014375
:106A60000791681CC5B2042DF3DB52480EF03AFFC3
:106A7000574A811A904266D00ADC564940182ED0F7
:106A8000FF3801380DD0FF3801386FD148E0A5E05C
:106A900003200002081A33D00F210902401A65D1E1
:106AA00065E0A01CFEF7B0FA03900398012806D118
:106AB00025206070A11C0020FFF77DFB0EE02078F0
:106AC000402188434030207025206070A11C0020A8
:106AD000FFF771FB404801782220015567E0A01CB8
:106AE000FEF7E3FC03900398012806D1252060708F
:106AF000A11C0120FFF75FFB01E002F090FA56E0D5
:106B0000A01CFEF76FFD03900398012806D12520F5
:106B10006070A11C0120FFF74EFB00E0EDE746E0AE
:106B200060789B2808D06078972805D0B07A400814
:106B30004000401CB07291E620460A30FEF717FE76
:106B40000020607033E06078C02808D06078BC28EE
:106B500005D0B07A40084000401CB0727EE6204666
:106B60000A30FFF723F80020607020E019E0607819
:106B70008D2805D0B07A40084000401CB0726DE608
:106B800020460A30FFF7D1F803900398002805D07B
:106B9000B07A40084000401CB0725FE60020607090
:106BA00005E0B07A02218843801CB07256E600BF2F
:106BB00025E7000034010020131454802900002030
:106BC00000029000000190000C000020321B000029
:106BD000FF05010701FDFEF89300002060780728FB
:106BE00005D06078092802D0607811282AD1FE48A3
:106BF0000078C007C00F05D1B07A04218843001D7A
:106C0000B0722BE604F0B7FE607811280ED1032293
:106C1000211DE01CFCF746FE0021A1710322214644
:106C20000831E01DFCF73EFE0021A172A01CFFF719
:106C300085FB002805D0B07A02218843801CB07201
:106C40000CE644E56078042808D060780B2805D06D
:106C5000B07A02218843801CB072FFE508A8C07892
:106C6000202870D019DC07286ED007DC03000FF055
:106C7000B1FA07B1F5F4B3F3F2B2F500172877D003
:106C800006DC0D2875D00E2801D000F09DFE6DE2C7
:106C90001E286FD01F28F8D185E247281ED010DCAF
:106CA00025380928F1D243007B449B885B009F4430
:106CB0004D06D500D500D5005102BD016D01D500AE
:106CC000F8015C2879D004DC5A2877D05B28DCD125
:106CD000B3E05D2873D06E28D7D17EE0C3480EF0B4
:106CE00001FEC349884205D1C2480178A1714178AB
:106CF000E1716EE0BD480EF0F5FDBF49884224D138
:106D0000002505E00020291DA21C5054681CC5B2B6
:106D1000402DF7DB002506E0B848405D291DA21C88
:106D20005054681CC5B2202DF6DB002508E0B3489E
:106D30002030405D29462431A21C5054681CC5B245
:106D4000202DF4DB45E0F7E20EE2A8480EF0CAFD84
:106D5000AB49884225D1002505E00020291DA21C51
:106D60005054681CC5B2062DF7DBA64F002509E07C
:106D7000EEE1FAE104E23878291DA21C50547F1C90
:106D8000681CC5B2022DF6DB002507E09D48001FF8
:106D9000405DA91DA21C5054681CC5B2042DF5DB32
:106DA00017E092480EF09EFD9749884208D1974817
:106DB0000178A1714178E1710BE064E01CE091E0A1
:106DC0008A480EF08FFD9249884202D1914801789D
:106DD000A171B0E200BF00BF00BF0A9F002506E01E
:106DE0003878291DA21C50547F1C681CC5B208A805
:106DF0000078A842F4DCECE7002506E08648405D18
:106E0000291DA21C5054681CC5B2022DF6DB0025BA
:106E100005E0FF20A91DA21C5054681CC5B2022D1C
:106E2000F7DB002506E0FF2029460831A21C50545C
:106E3000681CC5B2022DF6DBCBE7002507E07648DB
:106E40000C38405D291DA21C5054681CC5B2032D8E
:106E5000F5DB002509E023E17BE172E0F6E3FF20AA
:106E6000E91DA21C5054681CC5B2032DF7DB002598
:106E700006E0FF2029460A31A21C5054681CC5B206
:106E8000032DF6DBA5E70A9F002506E03878291DCB
:106E9000A21C50547F1C681CC5B2032DF6DB0A9F50
:106EA000002506E03878E91DA21C50547F1C681CA0
:106EB000C5B2032DF6DB002506E0FF2029460A3186
:106EC000A21C5054681CC5B2032DF6DB002506E059
:106ED000FF2029460D31A21C5054681CC5B2032D59
:106EE000F6DB76E7002507E04B48001D405D291DD5
:106EF000A21C5054681CC5B2022DF5DB002507E02A
:106F00004548001D405DA91DA21C5054681CC5B217
:106F1000022DF5DB002506E0FF2029460831A21CE2
:106F20005054681CC5B2022DF6DB002506E0FF2098
:106F300029460A31A21C5054681CC5B2022DF6DB4A
:106F400047E7042504E00021A01C4155681CC5B298
:106F5000242DF8DB31490798884206D10021A17120
:106F60003221E171002121720FE02D4907988842FA
:106F70000BD1002507E02B48405D2321491BA21CB3
:106F80005054681CC5B2202DF5D322E70A9FE07843
:106F9000FF280ED0042108A80170002506E03878EB
:106FA000291DA21C50547F1C681CC5B2042DF6DBA1
:106FB0003BE0142008A908700020069011E000258D
:106FC00009E0397806988200121D5219A01C8154DC
:106FD0007F1C681CC5B2042DF3DB0698401CC1B2AF
:106FE0000691069805281FE02900002034010020A2
:106FF000FF020208B4000020FF0303087E090020FE
:10700000FF04040878090020FF050508B0000020EF
:10701000FF0606081A0000204C0E00200904000498
:107020000100800458620100C9DBD2E608A8037899
:107030000A9881B2FC4AA020009104F0CBFBE078D2
:10704000FF280ED0042108A80170002506E0F648AC
:10705000405D291DA21C5054681CC5B2042DF6DBEE
:107060001DE0142008A908700020069014E00025F7
:107070000CE0069881004819EB49095C06988200EB
:10708000121D5019A21C1154681CC5B2042DF0DB4E
:107090000698401CC1B2069106980528E7DB98E6E1
:1070A00000BF08A800790A2821D10123DF4AE0495E
:1070B000A02005F06BFCDD490878FCF772FCDB4989
:1070C0000870084600780E2801DD0E200870D748A9
:1070D000007841004018C1B208A8017003780A98EE
:1070E00081B2A21DA020009104F074FB2FE008A83B
:1070F00000790B2822D10123CC4ACD49091DA020BB
:1071000005F044FCC9490878FCF74BFCC7490870F6
:10711000084600780E2801DD0E200870C34800786C
:1071200041004018C1B208A8017003780A9881B2E2
:10713000A21DA020009104F04DFB08E008A80378F0
:107140000A9881B2A21DA020009105F01FFC40E624
:1071500000BF00BF08A803780A9881B2A21DA02032
:10716000009104F037FB34E600BF00BF08A80378A5
:107170000A9881B2A21DA020009104F02BFB28E602
:10718000AC49079888420DD00A9F002506E0387860
:10719000291DA21C50547F1C681CC5B208A8007889
:1071A000A842F4DC15E6A449079888427DD105235E
:1071B000A21D9F490C39A02004F00CFB0523224698
:1071C0000B329B49891FA02004F004FB05232246B3
:1071D00010321B210902A02004F0FCFA05232246EC
:1071E000153293491239A02004F0F4FA0123224603
:1071F0001A328F49A02004F0EDFA012322461B32F7
:107200008B49891CA02004F0E5FA012322461C3298
:107210008749091DA02004F0DDFA012322461D3212
:107220008349891DA02004F0D5FA012322461E328D
:107230007F490B31A02004F0CDFA804F002507E0F4
:10724000387829461D31A21C50547F1C681CC5B2D9
:10725000162DF5DB0422002120463530FCF718FB03
:1072600004227649163120463930FCF71BFB1023E7
:1072700022463D327249A02004F0ACFA1023224687
:107280004D326F491131A02004F0A4FA0C2322469C
:107290005D326B492231A02004F09CFA1023224673
:1072A000693267493B31A02000E012E004F092FA15
:1072B0000C232246793262495831A02004F08AFA20
:1072C0001023224685325E497131A02004F082FAF3
:1072D00031E05C49079888422DD10623A21D54490C
:1072E0004231A02004F076FA062322460C32564999
:1072F000A02004F06FFA2A23224612324C496D3145
:10730000A02004F067FA2A2322463C3248499831EB
:10731000A02004F05FFA2A23224666324A492B3124
:10732000A02004F057FA2A232246903246495631CB
:10733000A02004F04FFA4EE34449079888421ED13A
:1073400004224349A01DFCF7ADFA0422414920461E
:107350000A30FCF7A7FA04223E490C3120460E30D1
:10736000FCF7A0FA02223C4920461230FCF79AFAB8
:1073700002223A4920461430FCF794FAE5E23849F3
:107380000798884274D1A07936490870E07948702E
:10739000207A8870607AC870A07A0871E07A4871A3
:1073A000207B88713048C07802218843801C2E4998
:1073B000C87004222649A01DFCF774FA042225494E
:1073C00020460A30FCF76EFA042222490C3120468E
:1073D0000E30FCF767FA0222244920461230FCF7EF
:1073E00061FA032221490C3920461430FCF75AFA7D
:1073F00003221E49203920461730FCF753FA022297
:107400001A49091D20461A30FCF74CFA022212498B
:1074100020461C30FCF746FA0222104920461E3056
:10742000FCF740FA91E223E0420C00208B0200209E
:10743000181B000001AAAAF5FF040107D7060020C7
:1074400016250000FF050107DD1C0000FF0101F506
:10745000800E002055070020D5000020D700002016
:10746000FF0202F5D3010020290000204C0E00206D
:10747000FC490798884276D1FB4F002506E0387812
:10748000291DA21C50547F1C681CC5B2042DF6DBBC
:10749000F54F3F1D002507E0387829460831A21C2A
:1074A00050547F1C681CC5B2042DF5DBEE4F083725
:1074B000002507E0387829460C31A21C50547F1C67
:1074C000681CC5B2042DF5DBE74F0C37002507E03B
:1074D000387829461031A21C50547F1C681CC5B254
:1074E000042DF5DBE04F1037002507E038782946FA
:1074F0001431A21C50547F1C681CC5B2042DF5DB4E
:10750000DA4F002507E0387829461831A21C50547C
:107510007F1C681CC5B2042DF5DBD44FFF1D002570
:1075200007E0387829461C31A21C50547F1C681C87
:10753000C5B2042DF5DBCD4F0C37002507E03878B8
:1075400029462031A21C50547F1C681CC5B2042D52
:10755000F5DBC748017826200155C548417827202A
:107560000155F2E1FFE7C349079888426FD1042231
:10757000BE49A01DFCF796F90422BC49C91D20464E
:107580000A30FCF78FF9002507E0BB48405D29462B
:107590000C31A21C5054681CC5B2022DF5DB00252D
:1075A00006E0002029460E31A21C5054681CC5B2CA
:1075B000042DF6DB002508E0AF480C38405D294675
:1075C0001231A21C5054681CC5B2032DF4DB0025F7
:1075D00006E0002029461531A21C5054681CC5B293
:1075E000062DF6DB002508E0A3481C38405D29463F
:1075F0001B31A21C5054681CC5B2032DF4DB0025BE
:1076000008E09D481C38405D29461E31A21C50549C
:10761000681CC5B2032DF4DB002506E000202946D6
:107620002131A21C5054681CC5B2062DF6DB002582
:1076300008E09148001D405D29462731A21C5054A6
:10764000681CC5B2022DF4DB00250AE0BCE16EE047
:107650008948001D405D29462931A21C5054681CF0
:10766000C5B2022DF4DB002506E0002029462B31AF
:10767000A21C5054681CC5B2042DF6DB7A4F0025BD
:1076800007E0387829462F31A21C50547F1C681C13
:10769000C5B2042DF5DB744F3F1D002507E0387897
:1076A00029463331A21C50547F1C681CC5B2042DDE
:1076B000F5DB6D4F0837002507E03878294637316C
:1076C000A21C50547F1C681CC5B2042DF5DB664F0C
:1076D0000C37002507E0387829463B31A21C50546E
:1076E0007F1C681CC5B2042DF5DB5F4F10370025E9
:1076F00007E0387829463F31A21C50547F1C681C93
:10770000C5B2042DF5DB002506E0002029464331F3
:10771000A21C5054681CC5B23C2DF6DB54480178BD
:107720008120015552484178822001550DE153498D
:10773000079888427BD104224C49A01DFCF7B2F87F
:1077400004224A49C91D20460A30FCF7ABF800253F
:1077500007E04948405D29460C31A21C5054681C82
:10776000C5B2022DF5DB002506E0002029460E31CA
:10777000A21C5054681CC5B2042DF6DB002508E09D
:107780003D480C38405D29461231A21C5054681CFB
:10779000C5B2032DF4DB002506E000202946153193
:1077A000A21C5054681CC5B2062DF6DB002508E06B
:1077B00031481C38405D29461B31A21C5054681CBE
:1077C000C5B2032DF4DB002508E02B481C38405DD2
:1077D00029461E31A21C5054681CC5B2032DF4DB8F
:1077E000002506E0002029462131A21C5054681CC7
:1077F000C5B2062DF6DB002508E01F48001D405DE0
:1078000029462731A21C5054681CC5B2022DF4DB56
:10781000002508E01848001D405D29462931A21CBA
:107820005054681CC5B2022DF4DB002507E08CE043
:10783000002029462B31A21C5054681CC5B2042DCF
:10784000F6DB094F002507E0387829462F31A21CC6
:1078500050547F1C681CC5B2042DF5DB024F3F1D40
:10786000002515E0FF808002800E002055070020D3
:1078700069000020FF1180024C0E0020FF228002D0
:10788000387829463331A21C50547F1C681CC5B27D
:10789000042DF5DBF84F002507E03878294637310D
:1078A000A21C50547F1C681CC5B2042DF5DBF24F9E
:1078B0003F1D002507E0387829463B31A21C505473
:1078C0007F1C681CC5B2042DF5DBEB4F0837002583
:1078D00007E0387829463F31A21C50547F1C681CB1
:1078E000C5B2042DF5DBE548017845200155E34894
:1078F0004178462001550422E14920464730FBF7F4
:10790000D1FF0422DE49091D20464B30FBF7CAFF98
:107910000423DC4ADC49A02005F038F80422D949C8
:10792000DA48FBF7BFFF0422D5490C39D748FCF7EA
:10793000E9FC0422D249491FD448FCF7B3FC0422D5
:10794000D24920464F30FBF7ADFF44E0D0480DF060
:10795000C9FFD04988422DD1002508E00320401BF3
:10796000CD49085C291DA21C5054681CC5B2042DC9
:10797000F4DBC948001D0DF0B5FFA072C648001D1C
:107980000DF0B0FF0004010EE172C34808300DF0A5
:10799000A9FF3C2100900DF03EFF2073BE48083047
:1079A0000DF0A0FF3C2100900DF035FF0004010E0A
:1079B000617310E0B6480DF095FFB849884202D1D6
:1079C000B7480178A17106E0B07A02218843801C93
:1079D000B07201F06FFB00BF08A80078001D607056
:1079E00001F0AAF860780C2805DAB07A4008400067
:1079F000401CB072EDE72178C806C00EA11DFDF74E
:107A00005EF8014668460174007C002805DDB07A06
:107A100004218843001DB072DBE708A8C0782D2838
:107A20007ED008A8C07803287AD008A8007900285A
:107A30000DD108A8017820460E30FCF711FD002872
:107A40006ED0B07A40084000401CB072C1E708A870
:107A5000007902287BD1042120460E3009F090F8ED
:107A6000002805D0B07A40084000401CB072B0E752
:107A7000607CFBF796FF8B4908700878C117890F67
:107A8000091889108900411A18D1207C02282ED1AA
:107A9000E07B0007000F092805DCE07B292802DCD9
:107AA000E07B002801D1012000E0002000281ED04A
:107AB000B07A40084000401CB0728AE7207C02285F
:107AC00015D1E07B0007000F092805DCE07B2828A2
:107AD00002DCE07B002801D1012000E0002000282A
:107AE00005D0B07A40084000401CB07271E7207C9D
:107AF000042808D0207C062805D0207C092802D044
:107B0000207C112816D1E07B0007000F092805DC36
:107B1000E07B302802DCE07B002802D1012001E07C
:107B20007CE00020002879D0B07A40084000401C5A
:107B3000B0724EE7E07B0007000F092805DCE07B10
:107B4000312802DCE07B002802D1012001E008E0BE
:107B5000002000286CD0B07A40084000401CB07271
:107B600037E708A8007903282CD1A07B0007000F75
:107B7000092802DCA07B592801DD012000E000205B
:107B8000002819D1E07B0007000F092802DCE07B08
:107B9000592801DD012000E0002000280CD1207CC4
:107BA0000007000F092802DC207C232801DD0120CA
:107BB00000E0002000283BD0B07A40084000401C84
:107BC000B07206E708A800790D280CD105212046DF
:107BD0000E3008F0D5FF00282AD0B07A40084000C7
:107BE000401CB072F5E608A800790F2820D1A07BD0
:107BF0000007000F092802DCA07B592801DD0120C5
:107C000000E0002000280DD1E07B0007000F0928CC
:107C100002DCE07B592802DD012001E008E00020C1
:107C2000002805D0B07A40084000401CB072D0E671
:107C300008A88079002811D108A8017820460E30C4
:107C4000FBF7F2FF014608A802780C32A01C815411
:107C500008A80078401CC1B208A8017008A8C07824
:107C6000252878D020DC032876D0042875D0052874
:107C700074D0062873D184E1880E002069000020AA
:107C800061070020800000204C24000085000020B7
:107C9000340100200301FF04670900200105FF04EF
:107CA000240200203E01002026287DD02D287CD0F3
:107CB000472802D06E28DDD1FAE3F7480DF012FE16
:107CC000F649884217D1A07BF5490870E07B4870DF
:107CD0000846407809784018F149887003230A461D
:107CE000F049A02004F020FE0223ED4AED49A02037
:107CF00004F04CFEA8E0E8480DF0F4FDEA498842A3
:107D00002ED140220021E948FBF7C2FD2022214666
:107D10000E31E648FBF7C6FD202221462E31E3480E
:107D20002030FBF7BFFD4021E148FBF77DFFDF4935
:107D3000403108704123DD4ADA490D31A02004F0BA
:107D4000F3FD4023D94AD7490D31A02004F01EFE8F
:107D500008F01AF978E0F1E37DE0AAE3BBE3EEE393
:107D6000CD480DF0BFFDD34988422BD10922002117
:107D7000CF48FBF78DFD022221460E31CC48001D75
:107D8000FBF790FD042221461031C948FBF78AFD1C
:107D90000821C748FBF748FFC549087209230A466E
:107DA000C049C91CA02001E0FEE32CE104F0BCFDA9
:107DB0000823BF4ABB49C91CA02004F0E7FD08F016
:107DC000E3F841E0B4480DF08DFDBB49884219D17C
:107DD000A07BBA490870E07B487008460078497873
:107DE0004018B649887003230A46AE495331A02093
:107DF00004F09AFD0223B14AAA495331A02004F0AD
:107E0000C5FD21E0A4480DF06DFDAD49884213D1B8
:107E1000A07BAC490870002048708870C8700421AD
:107E2000A848FBF701FFA749087105230A46A649A0
:107E3000A02004F079FD07E097480DF053FDA34919
:107E4000884201D108F0D2F8A148007840084000EB
:107E50009F4908702BE390480DF044FD9D498842EE
:107E60003DD1A07B9C49C870E07B0871207C4871A3
:107E7000607C88710846C078002801D10720C8704E
:107E800008F09CFDAA281AD1B07A40084000401C96
:107E9000B07220784021884340302070012060700B
:107EA000B07AA070307B1021884310303073F07AA4
:107EB000802188438030F07201200BB0F0BD8448EF
:107EC000C078802188438249C87008F00FFD0723DD
:107ED000824A15210902A02003F0B8FC50E06E4848
:107EE0000DF000FD7B49491C884234D1A07B7A49C2
:107EF0000870E07B4870207C887008F037FFAA2863
:107F000019D1B07A40084000401CB072207840215E
:107F100088434030207001206070B07AA070307BC0
:107F20001021884310303073F07A802188438030EC
:107F3000F0720120C1E76648C07880218843644917
:107F4000C87008F0D3FC0723644A15210902A02059
:107F500003F07CFC14E050480DF0C4FC60498842FA
:107F60000ED1062200215F48FBF792FC06235D4AF2
:107F70005D49A02003F06AFC20460E3009F064F948
:107F8000C6E345480DF0AEFC5849401824D0FC2803
:107F900005D0FD2804D05649401832D130E000BF4A
:107FA000002509E01120411BA01C405C0521491B54
:107FB000504A5054681CC5B2062DF3DB06214D48CB
:107FC000FBF732FE4B49887107230A463E49C91F19
:107FD000A02004F0A9FC14E0A07B3A49087000201E
:107FE00048708870C87004213648FBF71DFE35497B
:107FF000087105230A463449A02004F095FC00E0EE
:1080000000BF00BF84E308A8007900280DD108A8AC
:10801000017820460E30FCF723FA00283BD0B07AD6
:1080200040084000401CB072D3E408A8007906283C
:1080300010D1A07B002802D0A07B042801DD012004
:1080400000E00020002826D0B07A40084000401C04
:10805000B072BEE408A80079072810D1A07B0028E0
:1080600002D0A07B082801DD012000E000200028CC
:1080700011D0B07A40084000401CB072A9E408A8B2
:108080000079082841D1A07B002802D0A07B1428C9
:1080900032DD012031E0AAE034010020FF020208B5
:1080A000B4000020A4250000FF0303087E0900207F
:1080B00074090020FF040408FF050508B000002033
:1080C000FF0606081A000020391B0000FF080808F8
:1080D0002900002001010004D30100201F0000201E
:1080E0000003CC04A20B0020DC700000FBFCFFFBB3
:1080F00004F8FFFF0C0000200020002877D0B07AA1
:1081000040084000401CB07263E408A800790928C8
:108110000DD1A07B992801DD012000E0002000287E
:1081200065D0B07A40084000401CB07251E408A805
:1081300000790D280CD1052120460E3008F020FDD5
:10814000002854D0B07A40084000401CB07240E48F
:1081500008A800790C280DD108A8017820460E3017
:10816000FCF77EF9002842D0B07A40084000401C5D
:10817000B0722EE408A80079042828D1E07B00071B
:10818000000F092805DCE07B282802DCE07B0028C2
:1081900001D1012000E0002000280CD1A07B0007C5
:1081A000000F092802DCA07B232801DD012000E06C
:1081B000002000281BD0E07B992818D0A07B9928AC
:1081C00015D0B07A40084000401CB07212E408A8F4
:1081D00000790A2803D008A800790B2807D1A079D4
:1081E000022805D160780C38C0B2029002E022E18A
:1081F0006078029008A9087801900299019881425C
:1082000001DD019802900020F8490870487008A824
:1082100000790A2868D1002006905DE006984100A8
:1082200040180C30A11C085C012807DB06984100AF
:1082300040180C30A11C085C082803DD0120EB4924
:10824000487050E00698410040180D30A11C085CB1
:108250000007000F09280FDC0698410040180D3078
:10826000A11C085C312807DC0698410040180D303D
:10827000A11C085C002801D1012000E0002000289A
:108280001ED10698410040180E30A11C085C000762
:10829000000F09280FDC0698410040180E30A11C81
:1082A000085C122807DC0698410040180E30A11C1B
:1082B000085C002801D1012000E00020002803D044
:1082C0000120CA4948700EE00698401CC749087052
:1082D0000698401CC1B20691032102980DF0B1FA34
:1082E000069988429ADC00BF08A800790B2858D16B
:1082F000002006904DE00698410040180C30A11C6B
:10830000085C012807DB0698410040180C30A11CCE
:10831000085C042803DD0120B449487040E0069859
:10832000410040180D30A11C085C0007000F09280F
:1083300007DC0698410040180D30A11C085C592844
:1083400001DD012000E00020002816D10698410040
:1083500040180E30A11C085C0007000F092807DC3C
:108360000698410040180E30A11C085C232801DD4E
:10837000012000E00020002803D001209B49487024
:108380000EE00698401C994908700698401CC1B23E
:108390000691032102980DF054FA06998842AADC4E
:1083A00000BF92484078012805D1B07A40084000CB
:1083B000401CB07205E4002537E08C480078401E70
:1083C000410040180C30A11C085C884909784A001B
:1083D00089180C316A00AA188918A21C50548348C5
:1083E0000078401E410040180D30A11C095C7F48F8
:1083F0000078420080180D306A00AA188018A21C6C
:1084000011547A480078401E410040180E30A11CDB
:10841000095C76480078420080180E306A00AA187D
:108420008018A21C1154681CC5B2704800780E2137
:10843000081AA842C1DC08A8C0782D2830D108A8A5
:10844000017820460E30FBF7EFFB014608A80278C2
:108450000C32A01C815408A80078401CC3B20A98B2
:1084600081B222460E32A020009104F05DFA08A8E5
:1084700003780A9881B222463432A020009104F099
:1084800085FA002805D0B07A40084000401CB07240
:10849000CAE55748007804218843001D54490870F4
:1084A0005348007804218843001D514908702FE18A
:1084B0005BE008A803780A9881B222460E32A02019
:1084C000009103F0C3F94A48007804218843001D55
:1084D000474908701CE147480DF004FA46498842B4
:1084E0000DD044480DF0FEF94349491C884206D09E
:1084F00040480DF0F7F94049891C88420AD108A884
:1085000003780A9881B222460E32A020009104F02E
:108510000BFA29E037480DF0E5F93849884223D1B4
:10852000A07BFBF7FCFB32480078C006C00F07D1E8
:10853000B07A40084000401CB07275E516E0E1E0FA
:108540002B480078C006C00F02D0C8202C49087004
:10855000A07B2649087008460078487002230A4626
:108560002849A02004F0E0F9D2E0D1E021480DF044
:10857000B9F9254988424FD1002507E00F20411B5A
:10858000A01C405C21494855681CC5B2042DF5DB90
:10859000A17CE27C120288181C49091D0DF0ACF97F
:1085A000217D627D120200E049E0881817490831F8
:1085B0000DF0A2F9154808300DF094F93C21414323
:1085C00000911249083100980DF096F90C210F48DE
:1085D000FBF72AFB0D4908730D230A460C49A0201E
:1085E00004F0A2F90A200B49088027E03E01002090
:1085F00029000020340100200112000403070004B8
:10860000430000203E1B00000301FF046709002017
:108610007E2400009A000020FD480DF063F9FD491A
:1086200088420BD1A07BFC490870FC490870487057
:1086300002230A46FA49A02004F076F968E001F026
:1086400030FC0020F7498860F748F649803188619E
:108650000020F6490860F648C06A4004400CF4491E
:10866000C86208F042F81621F248FBF7B0FE172363
:10867000F04AF149A02004F057F908F036F8142127
:10868000EE48FBF7D1FAED49087515230A46EC4987
:10869000A02004F049F90422EA49EB48FBF702F96B
:1086A0001421EA48FBF7C0FAE84908751522E648A4
:1086B000001DFBF7F7F81421E4481530FBF7B4FA76
:1086C000E249153108751522DF481930FBF7EAF841
:1086D0000822DF49DC482E30FBF7E4F83621DA487F
:1086E000FBF7A2FAD849203188753723D64AFF21F3
:1086F000C731A02003F0AAF807F0F7FF03F062F9F2
:1087000000F0F3FCB07A02218843801CB072FDE3D4
:1087100000BF002060700FE22178C806C00EA11CC7
:10872000FCF7CDF9014668460174007C002805DDA0
:10873000B07A04218843001DB072E7E3A07A1C28B8
:1087400030D004DC1A2807D01B2875D129E03A283C
:1087500057D03B2870D164E0E07A00280FD1BD48A3
:1087600000793A2805D01A20BA49087048708870F4
:1087700016E0B07A02218843801CB072C6E3E07A2A
:1087800001280DD1B34800793A2803D01A20B14905
:10879000087005E0B07A02218843801CB072B5E30E
:1087A00050E000BFE07A002816D1AA4800781A28C5
:1087B00007D0A84840781A2803D0A64880781A28FD
:1087C00004D11C20A3490870487088700AF055FB3A
:1087D00000200AF06CFC13E0E07A012810D19D48DB
:1087E00000781A2804D09C480078C007C00F02D037
:1087F0001C20984908700AF040FB01200AF057FC41
:1088000020E03A20934908719448407880218843B9
:108810008030924948701C208E49087048708870DA
:1088200010E0A07A8B4908718C48407880218843F9
:108830008A49487006E0FFE7B07A04218843001DAA
:10884000B07263E300BF07218248FBF7EDF981496D
:10885000C87108230A4672490D39A02002F0F6FFBC
:1088600001237D4A6E490F39A02002F0EFFF00205E
:10887000607061E1307B8007C00F03D1307BC0079F
:10888000C00F02D06078042805D0B07A0221884356
:10889000801CB0723AE300251FE0A01C405D9928BF
:1088A00019D00421A01CFBF7BFF9A0710523A21C5D
:1088B0006B49A02004F038F80423A21C6849A020CA
:1088C00004F064F8002805D0B07A40084000401C4D
:1088D000B072EFE303E0681CC5B2042DDDDB00BF1E
:1088E000042D06DB5F480068002802D101200CF04F
:1088F00007FD0A207074307B8007C00F02D0002073
:10890000607000E0EDE317E160780C2805D0B07AE4
:1089100040084000401CB072CCE3A079022802D18C
:10892000A079042805D0B07A04218843001DB072D4
:10893000C0E32178C806C00EA11DFCF7C0F80146AF
:1089400068460174007C012805D1B07A40084000D7
:10895000401CB072AEE36846007C022805D1B07AB4
:1089600004218843001DB072A4E300BFA07A02284E
:1089700003D13B48401D3C490880A07A042803D11C
:1089800037480A3038490880042120460A30FBF76E
:108990004BF9A073052322460A3233480188A020F0
:1089A00003F0C2FF0423224616322F480188A0207C
:1089B00003F0ECFF002805D0B07A40084000401CCE
:1089C000B07277E3042221460A31A01CFAF76AFF4D
:1089D00004206070B0E06078012805D0B07A4008CB
:1089E0004000401CB07265E3707B0007400F012817
:1089F00051D1A078FBF793F91C480078C006C00F4E
:108A000036D1B07A40084000401CB07252E30000FA
:108A1000340100200105FF04240200208B02002005
:108A20002215000000380140A62700000016014072
:108A300000F00040530700205A240000AA0E002036
:108A4000D21300005901002054020020800E0020A3
:108A50001F000020E1000020D9000020D7000020E6
:108A60004B1B00003C000020420100202900002098
:108A7000A17868460174017C4174022304AAFE496E
:108A8000A02003F051FFFD480078C006C00F02D0BF
:108A9000C820FB490870012060704DE0307BC007A2
:108AA000C00F02D06078062805D0B07A0221884332
:108AB000801CB072FEE20621A01C08F061F80028BC
:108AC00005D0B07A40084000401CB072F2E2A078B5
:108AD000EC490870E07848702079887060790871F6
:108AE000A0794871E079887108F002F8E348C0780D
:108AF00080218843E149C87007F0F8FEDF4800781C
:108B0000402188434030DD490870084600788021C4
:108B100088438030D9490870E3E2D848C0782021E2
:108B200088432030D549C8700420D749087003E035
:108B300002E005F023FD00BF00BF307B1021884319
:108B400010303073F07A802188438030F072062034
:108B500070740120FFF7B1F9CC484078032803D0A6
:108B6000CA48407804281FD1C848807810280BD103
:108B7000C648C078222807DCC4484079C349C97870
:108B80002222511A884203DD0220C14908702DE2D9
:108B9000BE480079002803D1BC484079222870DD06
:108BA0000320BB49087021E2B8484078052823D14A
:108BB000B648807800280BD1B448C07801280BD083
:108BC000B248C078022807D0B048C078032803D044
:108BD0000320AF49087009E2AC480079FF2803D0B0
:108BE000AA480079002803D1A8484079002848D035
:108BF0000220A7490870F9E1A448407806281BD153
:108C0000A2488078102807D1A048C0781C2807D037
:108C10009E48C0781D2803D002209D490870E5E1D8
:108C20009A480079002803D198484079FC2828DD2B
:108C3000032097490870D9E19448407810281BD147
:108C400092488078102803D19048C0781C2803D01F
:108C500002208F490870C9E18C480079002807D1AB
:108C60008A484079022803DC88488079042808DD96
:108C7000032087490870B9E1012085490870B5E1F2
:108C8000FFE782484078032803D0804840780428D2
:108C90007BD17E49C878FBF789FE7E4908707B4905
:108CA000C9787A4A52798918C8B2FBF77FFE7A49A7
:108CB000087076480078A07074484178E17000210F
:108CC00021717448057857E0A80074490F58002DA9
:108CD00003D0082D27DB0C2D25DC0020069008E0B2
:108CE00039786F4A069811547F1C0698401CC1B20F
:108CF000069106980428F3DB6948FAF7A7FE69494C
:108D000000900CF0F9FD0021069108E065490698F5
:108D1000095C654A11540698401CC1B20691069838
:108D20000428F3DB0EE00020069008E039785E4A64
:108D3000069811547F1C0698401CC1B206910698F3
:108D40000428F3DB002006900EE003210698081AA1
:108D50005549095C0698C21C20791218A01C815440
:108D60000698401CC1B2069106980428EDDB2079D4
:108D7000001D2071681CC5B2474800788542A3DBFE
:108D80002079C01C607023E1FFE740484078052847
:108D900070D13E48C07801281ED13C480079FF2898
:108DA00003D11C204149087002E01A203F49087095
:108DB00007213E48FAF738FF3C49C87108230A46A4
:108DC0003B49A02002F042FD01233A4A3849891E5E
:108DD000A02002F03BFD46E02C48C07802281ED1BE
:108DE0002A480079FF2803D11C203049487002E04E
:108DF0001A202E49487007212C48FAF715FF2B49F5
:108E0000C87108230A462A49A02002F01FFD012349
:108E1000284A2749891EA02002F018FD23E01B489C
:108E2000C07803281FD119480079FF2804D11C20DD
:108E30001E490870487003E01A201C4908704870E9
:108E400007211A48FAF7F0FE1849C87108230A46A4
:108E50001749A02002F0FAFC0123164A1449891E82
:108E6000A02002F0F3FC09480078A0700748417880
:108E7000E17021E02BE000003E1B000029000020F3
:108E800043000020D301002044000020AC0B002050
:108E90003D0100203A0100203B010020F0000020AD
:108EA0004401002048010020100C0020E1000020B7
:108EB00015150000D900002081782171C1786171F9
:108EC0000179A1714179E1710620607080E08B48E1
:108ED0004078062830D18948C0781C2803D08748BC
:108EE000C0781E2817D18548407985490870834885
:108EF0000079487000208870C87004218048FAF713
:108F000093FE7F49087105230A4600E0D2E07D49BF
:108F1000A02003F009FD79480078A07077484178D7
:108F2000E17081782171C17861710179A171417914
:108F3000E171062060704BE070484078102847D1FE
:108F40006E48C0781C2819D16C48807A6C4908702A
:108F50006A48407A48706948007A88706748C079E2
:108F6000C87004216648FAF75FFE65490871052359
:108F70000A466449A02003F0D7FC19E05F48C07896
:108F80001E2815D15D48007A5D4908705B48C0799C
:108F9000487000208870C87004215948FAF744FED0
:108FA0005749087105230A465649A02003F0BCFC26
:108FB00052480078A07051484178E1708178217161
:108FC000C17861710179A1714179E1710620607008
:108FD000307B1021884310303073F07A8021884331
:108FE0008030F072062070740120B3E543480078A9
:108FF000A0704248407880210843E07042480178E0
:10900000217103206070307B102188431030307351
:10901000F07A802188438030F07200209AE5207831
:109020004021884340302070252060700422374959
:10903000A01CFAF737FC08223549A01DFAF732FCCC
:109040000422344920460E30FAF72CFC042232491F
:1090500020461230FAF726FC04223049204616300A
:10906000FAF720FC04222C490C3920461A30FAF772
:1090700019FC0422002120461E30FAF709FC28487A
:1090800001782220015504222349491F204623301C
:10909000FAF708FC307B1021884310303073F07AE7
:1090A000802188438030F0722820B07406207074CC
:1090B00000204FE520784021884340302070012077
:1090C0006070B07AA070307B10218843103030730C
:1090D000F07A802188438030F0720620707400207E
:1090E00038E505F04BFA002034E5BFF34F8F0D480B
:1090F0000D49C860BFF34F8F00BFFEE7AC0B0020E7
:109100001A000020391B00003D010020340100201E
:109110006F000020800E002061070020A4070020BF
:10912000930000200400FA0500ED00E070B504464D
:109130000A2120460CF085FB05010A2120460CF08F
:1091400080FB6818C0B270BD0146F02008400011D5
:109150000A2250430A07120F8018C0B2704730B578
:1091600003460C46002115E0501E401A1D5C501E9F
:10917000401A205C854201DD012030BD501E401A9E
:109180001D5C501E401A205C854201DA0220F4E783
:10919000481CC1B29142E7DB0020EEE7002800D175
:1091A0007047FE4909780170401CFD49097801703B
:1091B000401CFB4949780170401CF94989780170CD
:1091C000401CF749C9780170401CF54909790170C4
:1091D000401C00BFE4E7002800D17047EF49097840
:1091E0000170401CEF4909780170401CED49497835
:1091F0000170401CEB4989780170401CE949C9782D
:109200000170401CE74909790170401C00BFE4E788
:10921000E54BC218118070470146E3480A181088D0
:1092200070470146E1480A181068704700B5E04AE7
:10923000507812780002104301460020FFF7E8FF43
:10924000DB4AD07892780002104301460420FFF7F1
:10925000DFFFD74A507912790002104301460820F7
:10926000FFF7D6FFD24AD079927900021043014627
:109270000C20FFF7CDFFCE4A507A127A000210433D
:1092800001461020FFF7C4FFC94AD07A927A000243
:10929000104301461420FFF7BBFFC54A507B127BE9
:1092A0000002104301461820FFF7B2FFC04AD07BEE
:1092B000927B0002104301461C20FFF7A9FFBC4A25
:1092C000507C127C0002104301462020FFF7A0FFD3
:1092D000B74AD07C927C0002104301462420FFF75D
:1092E00097FFB34A507D127D0002104301462820AB
:1092F000FFF78EFFAE4AD07D927D000210430146FB
:109300002C20FFF785FFAA4A507E127E00021043F0
:1093100001463020FFF77CFFA54AD07E927E0002F6
:10932000104301463420FFF773FFA14A507F127F9C
:109330000002104301463820FFF76AFF9C48C27FB5
:10934000837F1002184301463C20FFF761FF9848D5
:109350002030427803781002184301464020FFF77E
:1093600057FF93482030C278837810021843014693
:109370004420FFF74DFF8E482030427903791002D8
:10938000184301464820FFF743FF89482030C2793F
:1093900083791002184301464C20FFF739FF8448B7
:1093A0002030427A037A1002184301465020FFF71A
:1093B0002FFF7F482030C27A837A1002184301467B
:1093C0005420FFF725FF7A482030427B037B1002B0
:1093D000184301465820FFF71BFF75482030C27B19
:1093E000837B1002184301465C20FFF711FF704891
:1093F0003030427803781002184301466020FFF7AE
:1094000007FF6B483030C27883781002184301465A
:109410006420FFF7FDFE6648303042790379100280
:10942000184301466820FFF7F3FE61483030C279E7
:1094300083791002184301466C20FFF7E9FE5C486F
:109440003030427A037A1002184301467020FFF749
:10945000DFFE57483030C27A837A10021843014643
:109460007420FFF7D5FE52483030427B037B100258
:10947000184301467820FFF7CBFE4D483030C27BC1
:10948000837B1002184301467C20FFF7C1FE484849
:109490004030427803781002184301468020FFF7DD
:1094A000B7FE43484030C278837810021843014623
:1094B0008420FFF7ADFE3E48403042790379100228
:1094C000184301468820FFF7A3FE39484030C2798F
:1094D00083791002184301468C20FFF799FE344827
:1094E0004030427A037A1002184301469020FFF779
:1094F0008FFE2F484030C27A837A1002184301460B
:109500009420FFF785FE2A484030427B037B1002FF
:10951000184301469820FFF77BFE25484030C27B68
:10952000837B1002184301469C20FFF771FE204800
:10953000503042780378100218430146A020FFF70C
:1095400067FE1B485030C2788378100218430146EA
:10955000A420FFF75DFE16485030427903791002CF
:1095600018430146A820FFF753FE11485030C27936
:109570008379100218430146AC20FFF749FE0C48DE
:109580005030427A037A100218430146B020FFF7A8
:109590003FFE07485030C27A837A0BE01F0000205C
:1095A000990100207F010020003801400030014077
:1095B0006E0D0020100218430146B420FFF728FE6C
:1095C000FE48427B037B100218430146B820FFF798
:1095D0001FFEFA48C27B837B100218430146BC2061
:1095E000FFF716FEF5481030427803781002184352
:1095F0000146C020FFF70CFEF0481030C278837897
:10960000100218430146C420FFF702FEEB48103059
:1096100042790379100218430146C820FFF7F8FD8C
:10962000E6481030C2798379100218430146CC20F5
:10963000FFF7EEFDE1481030427A037A100218433A
:109640000146D020FFF7E4FDDC481030C27A837A6F
:10965000100218430146D420FFF7DAFDD748103036
:10966000427B037B100218430146D820FFF7D0FD50
:10967000D2481030C27B837B100218430146DC20A5
:10968000FFF7C6FDCD48203042780378100218431A
:109690000146E020FFF7BCFDC8482030C27883783F
:1096A000100218430146E420FFF7B2FDC348203002
:1096B00042790379100218430146E820FFF7A8FD1C
:1096C000BE482030C2798379100218430146EC204D
:1096D000FFF79EFDB9482030427A037A1002184302
:1096E0000146F020FFF794FDB4482030C27A837A17
:1096F000100218430146F420FFF78AFDAF482030DE
:10970000427B037B100218430146F820FFF780FDDF
:10971000AA482030C27B837B100218430146FC20FC
:10972000FFF776FDA54830304278037810021843E1
:109730000146FF200130FFF76BFDA0483030C278B2
:109740008378100218430146FF200530FFF760FDC3
:109750009A48303042790379100218430146FF20BD
:109760000930FFF755FD00BD00B50020FFF754FD9F
:10977000924950390870000A48700420FFF74CFDE8
:109780008E4950398870000AC8700820FFF744FDE0
:109790008A4950390871000A48710C20FFF73CFDD6
:1097A000864950398871000AC8711020FFF734FDCE
:1097B000824950390872000A48721420FFF72CFDC4
:1097C0007E4950398872000AC8721820FFF724FDBC
:1097D0007A4950390873000A48731C20FFF71CFDB2
:1097E000764950398873000AC8732020FFF714FDAA
:1097F000724950390874000A48742420FFF70CFDA0
:109800006E4950398874000AC8742820FFF704FD97
:109810006A4950390875000A48752C20FFF7FCFC8E
:10982000664950398875000AC8753020FFF7F4FC86
:10983000624950390876000A48763420FFF7ECFC7C
:109840005E4950398876000AC8763820FFF7E4FC74
:109850005A4950390877000A48773C20FFF7DCFC6A
:10986000564950398877000AC8774020FFF7D4FC62
:10987000524930390870000A48704420FFF7CCFC88
:109880004E4930398870000AC8704820FFF7C4FC80
:109890004A4930390871000A48714C20FFF7BCFC76
:1098A000464930398871000AC8715020FFF7B4FC6E
:1098B000424930390872000A48725420FFF7ACFC64
:1098C0003E4930398872000AC8725820FFF7A4FC5C
:1098D0003A4930390873000A48735C20FFF79CFC52
:1098E000364930398873000AC8736020FFF794FC4A
:1098F000324920390870000A48706420FFF78CFC58
:109900002E4920398870000AC8706820FFF784FC4F
:109910002A4920390871000A48716C20FFF77CFC45
:10992000264920398871000AC8717020FFF774FC3D
:10993000224920390872000A48727420FFF76CFC33
:109940001E4920398872000AC8727820FFF764FC2B
:109950001A4920390873000A48737C20FFF75CFC21
:10996000164920398873000AC8738020FFF754FC19
:10997000124910390870000A48708420FFF74CFC27
:109980000E4910398870000AC8708820FFF744FC1F
:109990000A4910390871000A48718C20FFF73CFC15
:1099A000064910398871000AC8719020FFF734FC0D
:1099B000024910390872000A487201E0BE0D002009
:1099C0009420FFF729FCF8498872000AC872982091
:1099D000FFF722FCF4490873000A48739C20FFF744
:1099E0001BFCF1498873000AC873A020FFF714FC20
:1099F000ED4910310870000A4870A420FFF70CFCF4
:109A0000E94910318870000AC870A820FFF704FCEB
:109A1000E54910310871000A4871AC20FFF7FCFBE2
:109A2000E14910318871000AC871B020FFF7F4FBDA
:109A3000DD4910310872000A4872B420FFF7ECFBD0
:109A4000D94910318872000AC872B820FFF7E4FBC8
:109A5000D54910310873000A4873BC20FFF7DCFBBE
:109A6000D14910318873000AC873C020FFF7D4FBB6
:109A7000CD4920310870000A4870C420FFF7CCFBA4
:109A8000C94920318870000AC870C820FFF7C4FB9C
:109A9000C54920310871000A4871CC20FFF7BCFB92
:109AA000C14920318871000AC871D020FFF7B4FB8A
:109AB000BD4920310872000A4872D420FFF7ACFB80
:109AC0000146B94820308172090AC172D820FFF7D7
:109AD000A3FBB54920310873000A4873DC20FFF767
:109AE0009BFBB14920318873000AC873E020FFF75F
:109AF00093FBAD4930310870000A4870E420FFF74D
:109B00008BFBA94930318870000AC870E820FFF744
:109B100083FBA54930310871000A4871EC20FFF73A
:109B20007BFBA14930318871000AC871F020FFF732
:109B300073FB01469C4830300172090A4172F420DF
:109B4000FFF76AFB0146984830308172090AC172FA
:109B5000F820FFF761FB944930310873000A48731D
:109B6000FC20FFF759FB904930318873000AC87315
:109B7000FF200130FFF750FB8B4940310870000A8D
:109B80004870FF200530FFF747FB87494031887058
:109B9000000AC870FF200930FFF73EFB82494031C0
:109BA0000871000A487181497F4820388172090A8A
:109BB000C1720C2110300171002141717C49817208
:109BC000090AC1727B4910300173090A41737A494D
:109BD00020380172090A4172012189032030817203
:109BE000090AC172002140308171C1710172417254
:109BF0008172C17200BDF8B50546704806F05CFD83
:109C00006F480068012108436D49086000206D49D4
:109C1000886090226C4964484038F9F74FFE332D34
:109C20002AD100240DE0694A125D52005E4B403B90
:109C3000D1186200664BD0180222F9F733FE601C7F
:109C4000C4B2142CEFDB58484C300BF04BFE0746E7
:109C50005F4928310BF050FE2C215D48FAF77BFB61
:109C600081B25B4820300173090A41732E23584AA0
:109C70005849A02002F071FE2E23554A5549A020D4
:109C800002F0F1FE01282ED000240DE06200504BBE
:109C9000D1184E4A125D5200434B403BD01802226D
:109CA000F9F700FE601CC4B2142CEFDB3E494039CA
:109CB000C8798979000208433B4940390872000A93
:109CC0004872C87989790002084337494039887257
:109CD000000AC8723E4828300BF004FE074632499D
:109CE0004C310BF009FE3C48007800285AD13B4823
:109CF000C06A0121C90308433849C862384806F0E0
:109D0000DBFCFFF793FA002406E006F0EEFC64208B
:109D100006F0DEFC601CC4B2282CF6DB8420FFF7C2
:109D200080FA0646AA2D27D18420FFF77AFA074643
:109D3000274928310BF0E0FD254828300BF0D2FDF3
:109D4000074619494C310BF0D7FD2C212048FAF772
:109D500002FB81B21E4820300173090A41732E2391
:109D60001B4A1C49A02002F0F8FD1E480078202163
:109D700088431C49087015E0552D13D10A484C3012
:109D80000BF0B0FDB04207D0164800784021884360
:109D900040301449087005E012480078402188439B
:109DA00010490870F8BD0000AE0D00200706000045
:109DB000F2030000A6A70000032000005AA500003F
:109DC00000160140003801401D630100AD63010031
:109DD000FE0D002083700000D201002000F0004042
:109DE000A55A00002700002070B58420FFF719FA5B
:109DF0000546FC480BF076FDA84207D0FA480078EB
:109E0000402188434030F849087005E0F648007862
:109E100040218843F4490870F34800784006C00F99
:109E20003ED02E23F14AF249A02002F01CFE012868
:109E30002ED000240DE06200EC4BD118ED4A125DEB
:109E40005200E84B8C3BD0180222F9F72BFD601C26
:109E5000C4B2142CEFDBE3498C39C879897900024C
:109E60000843E0498C390872000A4872C879897938
:109E700000020843DB498C398872000AC872DB484B
:109E800028300BF02FFD0646D6490BF035FD05E0D6
:109E90009022D949D3488C38F9F710FDFFF7C6F95D
:109EA00070BD70B5D549086AD5490BF025FDD44879
:109EB0000BF018FD0546D248001D0BF013FD85423E
:109EC0000BD2CF480BF00EFD0546CD48001D0BF020
:109ED00009FDCC49081A2C1808E0C9480BF002FD0E
:109EE0000546C748001D0BF0FDFC2C1AC4480BF0BA
:109EF000F9FC0546C249091D0BF0FEFCC249487831
:109F0000097800020843001981B2BF480170090AAC
:109F1000417001464878097800020843322803DD81
:109F20000020B94908704870B7494878097800029C
:109F3000084320287EDBB4494878097800020843AA
:109F4000203880B2B0490870000A48701421AF4828
:109F5000FAF74BFA002815D11423AC4A1321090251
:109F6000A02002F013FD002806D01523A74AFF21E8
:109F7000CB31A02001F02EFC1623A54AA549A02034
:109F800002F004FD0421A148F9F7B5FD012804D130
:109F9000042200219D48F9F77BFC9F49097889003C
:109FA0009A4A88180421F9F7A6FD012808D19A4990
:109FB00009788900954A881804220021F9F768FC7D
:109FC00014219248F9F730FE90490875042193480E
:109FD000F9F791FD012804D1042200218F48F9F7F7
:109FE00057FC14218D48F9F71FFE8C49087509F0BC
:109FF00006FC09F08AFD8548007800283DD114212F
:10A000008248F9F711FE8149087515230A46132184
:10A010000902A02002F088FC8148C078C00920D144
:10A02000042279497F48F9F73DFC152277497D489C
:10A03000001D00E021E0F9F735FC08227A49794853
:10A040002E30F9F72FFC36217648F9F7EDFD7549EA
:10A05000203188753723734AFF21C731A02001F0D2
:10A06000F5FB17236A4A6B49A02002F05DFC15231B
:10A070006A4A6E49A02002F057FC70BDF8B56C48E2
:10A0800000786B490978491C694A117003000CF08B
:10A09000A1F8070556D9FDFCFBFAF9006549002037
:10A0A0000BF02AFC2420FFF7BCF8074661490BF0AF
:10A0B00023FC60480BF016FC0121C907884207D336
:10A0C0005C480BF00FFC47425A4938460BF014FC31
:10A0D00044490C39CA7A8B7A1102194308460BF0AD
:10A0E0007DFE0646544930460BF0A5FC0646514815
:10A0F0000BF0F8FB00900BF071FE074631460BF0B9
:10A100005DFC044620460BF0A9FE7D21C9000090AD
:10A110000BF081FB074647490BF0EEFB45480BF07F
:10A12000E1FB074645490BF0E7FB42480BF0DAFB41
:10A130000746042239464248F9F79DFC2DE23D4985
:10A1400000200BF0D9FB2820FFF76BF807463949B0
:10A150000BF0D2FB37480BF0C5FB0121C907884241
:10A1600007D334480BF0BEFB4742324938460BF068
:10A17000C3FB1C490C39CA7A8B7A11021943084671
:10A180000BF02CFE06462C4930460BF054FC0646DC
:10A1900028480BF0A7FB00900BF020FE0746314645
:10A1A0000BF00CFC044620460BF058FE7D21C90044
:10A1B00000900BF030FB07461E490BF09DFB1D483D
:10A1C0000BF090FB07461D49091D0BF095FB194844
:10A1D0000BF088FB0746042239461948001DF9F7A1
:10A1E0004AFCDAE1FA0D002027000020FE0D0020D5
:10A1F00083700000AD6301001D6301004030014029
:10A200005D010020FFFFFF0059010020800E0020AB
:10A21000530700205A2400007D010020AA0E0020D0
:10A2200029000020540200201F000020D21300004B
:10A23000500100205101002000007A44640E0020EB
:10A24000300E0020FE4900200BF056FB3420FEF7B4
:10A25000E8FF0746FA490BF04FFBF9480BF042FBC9
:10A260000121C907884207D3F5480BF03BFB474261
:10A27000F34938460BF040FBF249CA7A8B7A110257
:10A28000194304E085E15BE116E1A6E030E0084611
:10A290000BF0A4FD0646EC4930460BF0CCFB06461D
:10A2A000E7480BF01FFB00900BF098FD0746314686
:10A2B0000BF084FB044620460BF0D0FD7D21C90045
:10A2C00000900BF0A8FA0746DD490BF015FBDC48BF
:10A2D0000BF008FB0746DD490BF00EFBD8480BF0EE
:10A2E00001FB074604223946D948F9F7C4FB54E17B
:10A2F000D34900200BF000FB2420FEF792FF074615
:10A30000CF490BF0F9FACE480BF0ECFA0121C9075E
:10A31000884207D3CA480BF0E5FA4742C849384695
:10A320000BF0EAFACB4900200BF0E6FA3420FEF7F6
:10A3300078FF0746C7490BF0DFFAC6480BF0D2FAA0
:10A340000121C907884207D3C2480BF0CBFA474224
:10A35000C04938460BF0D0FAB9480BF0C3FA009068
:10A360000BF03CFD0746B8490BF028FB0446B94802
:10A370000BF0B8FA07460BF031FD0546294620469A
:10A380000BF059FB044620460BF068FD0746AC492C
:10A390000BF0B2FAAE4808380BF0A4FA232809D221
:10A3A000AB49083900200BF0A7FAA5497D20C00071
:10A3B0000BF0A2FAA2480BF095FA0746A3490C311C
:10A3C0000BF09AFA9E480BF08DFA074602223946A6
:10A3D0009F481830F9F74FFBDFE0994900200BF058
:10A3E0008BFA1420FEF71DFF074695490BF084FAFF
:10A3F00094494A7A0B7A1102194308460BF0EEFC95
:10A40000074691490BF017FB04468D480BF06AFA9A
:10A4100000900BF0E3FC074621460BF0CFFA044610
:10A4200020460BF01BFD7D21C90000900BF0F3F9D5
:10A43000074683490BF060FA81480BF053FA074650
:10A440008249091D0BF058FA7D480BF04BFA07467C
:10A45000042239467E480830F9F70DFB7C48083065
:10A460000BF040FA152805D3794808380BF03AFA72
:10A47000232820D27649083100200BF03DFA744998
:10A48000083900200BF038FA7149091F00200BF041
:10A4900033FA6F4900200BF02FFA6C4900200BF0C3
:10A4A0002BFA6A49091F00200BF026FA6749083980
:10A4B00000200BF021FA70E0614900200BF01CFA3B
:10A4C0001C20FEF7AEFE07465D490BF015FA5D490C
:10A4D000CA798B791102194308460BF07FFC0746B5
:10A4E0005D490BF0A8FA044655480BF0FBF90090C3
:10A4F0000BF074FC074621460BF060FA0446204638
:10A500000BF0ACFC7D21C90000900BF084F90746EC
:10A510004B490BF0F1F94A480BF0E4F907464B4977
:10A5200008310BF0E9F946480BF0DCF90746F9F77A
:10A530006FFA81B2464814300170090A41702CE06C
:10A540003F4900200BF0D8F92020FEF76AFE0746AD
:10A550003B490BF0D1F93A480BF0C4F900280BD075
:10A5600037480BF0BFF9014600903C480BF053F917
:10A57000074633490BF0C0F931480BF0B3F90746F1
:10A58000F9F746FA81B2324814308170090AC17075
:10A5900003E000203249087000BF00BFF8BD10B5CD
:10A5A0000C2101200AF03AFB002404E000202D4990
:10A5B0000855601CC4B2142CF8DB2A4806F079F95F
:10A5C000042229492748801DF9F76CF904222649FD
:10A5D00024480A30F9F766F90422234921480E304D
:10A5E000F9F760F9214840780201801839221202F7
:10A5F000811811231B4A521CA02001F027F91B4887
:10A600004078142250434F22120181181423164A15
:10A61000A02001F01BF910BD10B5002404E00020BB
:10A6200010490855601C84B2142CF8DB0D4806F064
:10A6300040F904220C490B48801DF9F733F917E063
:10A6400051010020EE0D002000007A446C0E002025
:10A65000380E00205501002000401C460000710209
:10A66000500100208B020020800E00203C020020C0
:10A670000422FE49FE48F9F715F90422FB49FC487B
:10A68000001DF9F70FF91F2102200AF0C7FAF94857
:10A69000807802018018F84A81181123F44A093A97
:10A6A000A02001F0D3F810BD10B5F448C078C0095F
:10A6B00000D010BDF2488078F2490978884232D043
:10A6C000F1480078F04949784018EF498978884284
:10A6D0000CD00223EC4AED49A02002F057F90128E2
:10A6E00004D10020E849087001204870E64840780D
:10A6F000E3490979884212D1E3480078E049897832
:10A7000088420CD1FFF74BFF15220021E048F9F7F2
:10A71000BFF81523DE4ADF49A02002F005F9D8482A
:10A720008078D849087000BFC3E710B50C2101201C
:10A730000AF074FA002405E00020CD490A390855D2
:10A74000601CC4B2142CF7DBC9480A38FEF743FD7D
:10A750000422C649C648001FF9F7A4F80422C349D9
:10A76000C348F9F79FF80422C049C148001DF9F712
:10A7700099F8C048407802018018392212028118E5
:10A780001123BB4A093AA02001F060F8B94840788B
:10A79000142250434F22120181181423B34AA020DF
:10A7A00001F054F810BDF8B5002507E00021284657
:10A7B000C830AF4A0A3A1154681C85B2642DF5DBE3
:10A7C0000223AB4AB149A02001F004F8002600247E
:10A7D0000723A74A0A3AB049A02000F0FBFFA4488B
:10A7E0000A388078A2490A39C870084640788870CB
:10A7F00005219F48083806F0C3F9002828D19C4855
:10A80000083806F060FA002820D09D498879F9F7C9
:10A81000C8F80C2107464F4399494879F9F7C1F820
:10A820003E1893490A398879F9F7BBF80C21074695
:10A830004F438F490A394879F9F7B3F83C18301B70
:10A8400086B20024242E05DD242603E00020F8BD76
:10A850000020FCE7002E56D185480A38C07A000750
:10A86000000F092809DC82480A38C07A312804DC44
:10A870007F480A38C07A002801D1012000E000207A
:10A8800000283FD17A480A38807A0007000F09284B
:10A8900004DC77480A38807A232801DD012000E0B3
:10A8A00000200028EDD172480A38007970490A3931
:10A8B000C97A88420FDB6E480A3800796C490A3938
:10A8C000C97A8842DDD16A480A38C07868490A39AD
:10A8D000897A884216DA6A48007965490A39C97A5C
:10A8E00088420DDC6648007961490A39C97A884294
:10A8F000C7D1634880785E490A39897A884201DB8A
:10A90000601C84B2CBE05A480A38C07A0007000FB6
:10A91000092809DC56480A38C07A312804DC544832
:10A920000A38C07A002801D1012000E00020002868
:10A930002AD14F480A38807A0007000F092804DC22
:10A940004B480A38807A232801DD012000E00020EE
:10A95000002819D146480A38007945490A39C97A88
:10A9600088420FDB42480A38007941490A39C97ADE
:10A97000884209D13E480A38C0783D490A39897A67
:10A98000884201DA601C84B2002000902CE0384834
:10A990000A38C07A0007000F092809DC34480A3851
:10A9A000C07A312804DC32480A38C07A002801D144
:10A9B000012000E00020002812D12D480A38807ABA
:10A9C0000007000F092804DC29480A38807A232868
:10A9D00001DD012000E00020002801D1601C84B2CC
:10A9E0000098401C80B20090701E00998842CEDC16
:10A9F0001F480A38C07A0007000F092809DC1C48E4
:10AA00000A38C07A312804DC19480A38C07A00288C
:10AA100001D1012000E00020002840D114480A386C
:10AA2000807A0007000F092804DC11480A38807A70
:10AA3000232801DD012000E0002000282FD110484C
:10AA400000790B490A39C97A88420DDC0C48007933
:10AA500007490A39C97A884221D1094880780449CE
:10AA60000A39897A88421ADB601C17E0800E0020C0
:10AA7000950200203C020020CC3900002900002073
:10AA80001F0000206D01002033000020291B000062
:10AA9000AA0E0020D21300000715000084B20C2C6F
:10AAA00000DD0C2400251AE005F01FFE601B401E8F
:10AAB00082008018FE4A81180522FE48F8F7F2FE4F
:10AAC000FFF733FE15220021FB48F8F7E1FE1523BE
:10AAD000F94AFA49A02001F027FF681C85B2A54277
:10AAE000E2DB0120B3E610B5002404E00020F449C5
:10AAF0000855601C84B2142CF8DBF148FEF74EFBBD
:10AB00000422F049EE48801DF8F7CCFE0422ED49FE
:10AB1000EB480A30F8F7C6FE0422EA49E8480E304E
:10AB2000F8F7C0FE1F2102200AF078F8E648807886
:10AB300002018018E54A81181123E14A521CA02025
:10AB400000F084FE10BDF8B50746DD48FEF726FB91
:10AB5000DC4E00250EE0002408E03178A800801DBE
:10AB60000019D74A1154761C601C84B2042CF4DB03
:10AB7000681C85B2052DEEDBD24E00250EE00024C8
:10AB800008E03178A8001A300019CD4A1154761C1B
:10AB9000601C84B2042CF4DB681C85B2052DEEDB4E
:10ABA000C84E00250EE0002408E03178A8002E30C1
:10ABB0000019C34A1154761C601C84B2042CF4DBC7
:10ABC000681C85B2052DEEDBBE4E00250EE000248C
:10ABD00008E03178A80042300019B94A1154761CB7
:10ABE000601C84B2042CF4DB681C85B2052DEEDBFE
:10ABF000B44E00250EE0002408E03178A80056305D
:10AC00000019AF4A1154761C601C84B2042CF4DB8A
:10AC1000681C85B2052DEEDBAD4E002407E03178CF
:10AC200020466A30A64A1154761C601C84B2032C5C
:10AC3000F5DB00250EE0002408E00021680028185C
:10AC40006D3000199E4A1154601C84B2032CF4DB51
:10AC5000681C85B2032DEEDB9D4E361D002407E0F7
:10AC6000317820467630964A1154761C601C84B2A6
:10AC7000032CF5DB00250EE0002408E0002168002D
:10AC80002818793000198E4A1154601C84B2032CA4
:10AC9000F4DB681C85B2032DEEDB002F11D11F21E0
:10ACA0000F2009F0BBFF8848C07BC20180181F221B
:10ACB0005202801881B28123814A521CA02000F0E8
:10ACC000C5FD012F10D10321102009F0A7FF7E48F8
:10ACD000007CC20180187F4A801881B28123784AA3
:10ACE000521CA02000F0B2FD022F10D10221112031
:10ACF00009F094FF7448407CC2018018764A80189D
:10AD000081B281236E4A521CA02000F09FFD032FC8
:10AD100010D10221122009F081FF6B48807CC20112
:10AD200080186E4A801881B28123654A521CA02087
:10AD300000F08CFD042F10D10221142009F06EFFC9
:10AD40006148007DC2018018654A801881B2812364
:10AD50005B4A521CA02000F079FD052F10D11F2165
:10AD6000152009F05BFF5848407DC20180185D4AFC
:10AD7000801881B28123524A521CA02000F066FD47
:10AD8000F8BDF8B505F0B2FD57484078574908704E
:10AD90005548807848705448007988705248407906
:10ADA000C8705148807908714748407DC2018018B9
:10ADB0004C4A801881B205234D4AA02000F00AFDBC
:10ADC0004B4800780007000F092803DC484800784A
:10ADD000592801DD012000E00020002843D144482B
:10ADE00040780007000F092803DC414840782328F9
:10ADF00001DD012000E00020002834D13C488078AB
:10AE00000007000F092807DC39488078312803DC67
:10AE100037488078002801D1012000E00020002878
:10AE200021D13348C0780007000F092807DC3048DB
:10AE3000C078122803DC2E48C078002801D10120F8
:10AE400000E0002000280ED1294800790007000FFB
:10AE5000092803DC26480079992801DD012000E05B
:10AE60000020002800D0F8BD052220492148F8F72D
:10AE700019FD05221E491F48FEF771F91E49087089
:10AE800008460078012800D0EDE702231B4A1C4940
:10AE9000A02000F09FFC052216491A48F8F702FD91
:10AEA00016480078174908701448407848702BE01D
:10AEB000BF0E00207F010020AA0E0020D213000048
:10AEC0008B020020800E00203C020020CC390000C4
:10AED000300E00209F4D0000224F00002450000043
:10AEE00026510000285200001F0000209901002078
:10AEF0008D0100208701002084010020050F002023
:10AF0000481B00009301002005F0EFFB0A2005F02C
:10AF1000DFFB0024002570E005F0E7FB0A2005F0C8
:10AF2000D7FB05224B494C48FEF719F94B490870ED
:10AF3000052248494A48FEF712F94A49087047482D
:10AF4000007802280DD108460078022809D0601C3C
:10AF5000C4B2A1006118444A881805223D49F8F797
:10AF6000A1FC05F0C2FB3B488078012838D1394864
:10AF7000C07801280FD137490879FEF7E5F8401E5F
:10AF8000C7B23846FEF7D2F8324908711220C870AD
:10AF9000312088702FE02F49C878FEF7D5F8401E81
:10AFA000C7B23846FEF7C2F82A49C870C878FEF71B
:10AFB000CBF82E490E5C2749C97802290DD1254AC4
:10AFC00011790846FEF7C0F8C117890F09188910D2
:10AFD0008900411A01D1701CC6B21E4886700AE071
:10AFE0001C498878FEF7B0F8401EC7B23846FEF715
:10AFF0009DF818498870681CC5B2082D8CDB072C99
:10B0000000DD0724002C18DD052219491648F8F741
:10B0100049FC00250FE005F068FB601B82008018EA
:10B02000114A811805221248F8F73CFC0520FFF769
:10B030008AFD681CC5B2A542EDDB00BF13E710B561
:10B040000C480078002804D0FEF72BFF00200949A7
:10B05000087010BD930100208D01002085010020A3
:10B060008701002086010020050F002010630100E9
:10B07000990100207E010020FE4800680821084256
:10B080000CD1FC484068084208D1FB4800682021E8
:10B09000084203D1F848406808421DD0F748F849F3
:10B0A0000860F448006808218843F24908600846AF
:10B0B000406808218843EF494860EF480068202134
:10B0C0008843ED4908600846406820218843EA49E2
:10B0D00048600020EA490860E648006A0821084004
:10B0E000082805D1E448006A2021084020280BD018
:10B0F000E048006A08210843DE490862DE48006A29
:10B1000020210843DC490862DA48C0680821084267
:10B1100004D1D948C068202108420BD0D548C06866
:10B1200008218843D349C860D348C0682021884398
:10B13000D149C860D04880682021084204D0CE4858
:10B1400080688843CC498860CA48806808210840E4
:10B15000082804D0C74880680843C64988607047FB
:10B16000C548806820218843C349886000BFC14822
:10B17000806808218843BF49886000BF00BF00BFC6
:10B1800000BF00BF00BF00BF00BF00BF00BF00BFC7
:10B1900000BF00BF00BF00BF00BF00BF00BF00BFB7
:10B1A00000BF00BF00BF00BF00BF00BF00BF00BFA7
:10B1B00000BF00BF00BF2020AF49886108468068FB
:10B1C00020210843AC49886000BF00BF00BF00BF1A
:10B1D00000BF00BF00BF00BF00BF00BF00BF00BF77
:10B1E00000BF00BF00BF00BF00BF00BF00BF00BF67
:10B1F00000BF00BF00BF00BF00BF00BF00BF00BF57
:10B2000000BF00BF08209B4988610846806808216C
:10B210000843984988607047974880682021884390
:10B220009549886000BF00BF00BF00BF00BF00BFDE
:10B2300000BF00BF00BF00BF00BF00BF00BF00BF16
:10B2400000BF00BF00BF00BF00BF00BF00BF00BF06
:10B2500000BF00BF00BF00BF00BF00BF00BF00BFF6
:10B2600026E008208349C861084680680821084311
:10B270008049886000BF00BF00BF00BF00BF00BFA3
:10B2800000BF00BF00BF00BF00BF00BF00BF00BFC6
:10B2900000BF00BF00BF00BF00BF00BF00BF00BFB6
:10B2A00000BF00BF00BF00BF00BF00BF00BF00BFA6
:10B2B0007148006920210842D3D008206D49886177
:10B2C00008468068082108436A49886000BF00BFBB
:10B2D00000BF00BF00BF00BF00BF00BF00BF00BF76
:10B2E00000BF00BF00BF00BF00BF00BF00BF00BF66
:10B2F00000BF00BF00BF00BF00BF00BF00BF00BF56
:10B3000000BF00BF00BF00BF20205B498861084626
:10B310008068202108435849886000BF00BF00BFF3
:10B3200000BF00BF00BF00BF00BF00BF00BF00BF25
:10B3300000BF00BF00BF00BF00BF00BF00BF00BF15
:10B3400000BF00BF00BF00BF00BF00BF00BF00BF05
:10B3500000BF00BF00BF47488068082188434549B7
:10B36000886000BF00BF00BF00BF00BF00BF00BFBC
:10B3700000BF00BF00BF00BF00BF00BF00BF00BFD5
:10B3800000BF00BF00BF00BF00BF00BF00BF00BFC5
:10B3900000BF00BF00BF00BF00BF00BF00BF3648F6
:10B3A00080682021884334498860704770B505461D
:10B3B00020203149886108468068202108432E49B1
:10B3C0008860002476E008202A49886100BF00BF19
:10B3D00000BF00BF00BF00BF00BF00BF00BF00BF75
:10B3E00000BF00BF00BF00BF00BF00BF00BF00BF65
:10B3F00000BF00BF00BF00BF00BF00BF00BF00BF55
:10B4000000BF00BF00BF00BF8020054203D0202046
:10B410001949486102E020201749886100BF00BF38
:10B4200000BF00BF00BF00BF00BF00BF00BF00BF24
:10B4300000BF00BF00BF00BF00BF00BF00BF00BF14
:10B4400000BF00BF00BF00BF00BF00BF00BF00BF04
:10B4500000BF00BF00BF00BF08200649486100BF11
:10B4600000BF00BF00BF00BF00BF00BF00BF00BFE4
:10B4700000BF07E000100140001301405AA5000082
:10B4800000F0004000BF00BF00BF00BF00BF00BF12
:10B4900000BF00BF00BF00BF00BF00BF00BF00BFB4
:10B4A00000BF00BF00BF00BF00BF00BF6806050EA1
:10B4B000601CC4B2082C86DB0820F8498861F84873
:10B4C000806820218843F649886000BF00BF00BF24
:10B4D00000BF00BF00BF00BF00BF00BF00BF00BF74
:10B4E00000BF00BF00BF00BF00BF00BF00BF00BF64
:10B4F00000BF00BF00BF00BF00BF00BF00BF00BF54
:10B5000000BF00BF00BF00BF00BF00BF00BF00BF43
:10B5100000BF00BF00BF00BF00BF00BF00BF00BF33
:10B5200000BF00BF00BF00BF00BF00BF00BF00BF23
:10B5300000BF00BF00BF00BF00BF00BF00BF00BF13
:10B5400000BF00242CE0D64800692021084225D104
:10B550000820D249486100BF00BF00BF00BF00BF44
:10B5600000BF00BF00BF00BF00BF00BF00BF00BFE3
:10B5700000BF00BF00BF00BF00BF00BF00BF00BFD3
:10B5800000BF00BF00BF00BF00BF00BF00BF00BFC3
:10B5900000BF0820C1498861012070BD601CC4B291
:10B5A000202CD0DB0820BD49486100BF00BF00BF90
:10B5B00000BF00BF00BF00BF00BF00BF00BF00BF93
:10B5C00000BF00BF00BF00BF00BF00BF00BF00BF83
:10B5D00000BF00BF00BF00BF00BF00BF00BF00BF73
:10B5E00000BF00BF00BF0820AC498861FFF714FE10
:10B5F0000020D2E710B501460020A84B9B68082424
:10B600002343A64CA360A64B9B682024A343A44CD1
:10B61000A36000226AE000BF00BF00BF00BF00BF00
:10B6200000BF00BF00BF00BF00BF00BF00BF00BF22
:10B6300000BF00BF00BF00BF00BF00BF00BF00BF12
:10B6400000BF00BF00BF00BF00BF00BF00BF00BF02
:10B6500000BF0823914C63614306180E904B1B6991
:10B660002024234201D00123184300BF00BF00BFA4
:10B6700000BF00BF00BF00BF00BF00BF00BF00BFD2
:10B6800000BF00BF00BF00BF00BF00BF00BF00BFC2
:10B6900000BF00BF00BF00BF00BF00BF00BF00BFB2
:10B6A00000BF00BF00BF08237C4CA36100BF00BFE8
:10B6B00000BF00BF00BF00BF00BF00BF00BF00BF92
:10B6C00000BF00BF00BF00BF00BF00BF00BF00BF82
:10B6D00000BF00BF00BF00BF00BF00BF00BF00BF72
:10B6E00000BF00BF00BF00BF531CDAB2082A92DBC4
:10B6F000002908D020236A4CA36123469B6820249C
:10B700002343674CA36000BF00BF00BF00BF00BF62
:10B7100000BF00BF00BF00BF00BF00BF00BF00BF31
:10B7200000BF00BF00BF00BF00BF00BF00BF00BF21
:10B7300000BF00BF00BF00BF00BF00BF00BF00BF11
:10B7400000BF0823554C636100BF00BF00BF00BFAE
:10B7500000BF00BF00BF00BF00BF00BF00BF00BFF1
:10B7600000BF00BF00BF00BF00BF00BF00BF00BFE1
:10B7700000BF00BF00BF00BF00BF00BF00BF00BFD1
:10B7800000BF00BF00BF00BF00BF00BF00BF00BFC1
:10B7900000BF00BF00BF00BF00BF00BF00BF00BFB1
:10B7A00000BF00BF00BF00BF00BF00BF00BF00BFA1
:10B7B00000BF00BF00BF00BF00BF00BF00BF00BF91
:10B7C0000823364CA361364B9B682024A343344C9A
:10B7D000A36010BDF8B507460C4615461E46FFF798
:10B7E0004BFC00BFFFF718FDFFF7BAFCA020FFF7E6
:10B7F000DDFD0128F6D12012FFF7D8FD012801D088
:10B800000020F8BDE0B2FFF7D1FD012801D00020F3
:10B81000F7E7FFF7A5FCA120FFF7C8FD012801D03D
:10B820000020EEE709E0002E01D0012100E0002118
:10B830000846FFF7DFFE28706D1C3046711E8EB281
:10B840000028F0D1FFF7E8FC0120DAE7F8B5074659
:10B850000C4616461D46FFF70FFC00BF00BFFFF762
:10B86000DBFCFFF77DFCA020FFF7A0FD0128F6D14F
:10B870002012FFF79BFD012801D00020F8BDE0B2A7
:10B88000FFF794FD012801D00020F7E700BF3078D2
:10B89000FFF78CFD012805D00020EFE700100140E4
:10B8A00000130140761C601C84B2681E85B2002D16
:10B8B00002D0A006800EEAD100BF00BF00BF00BFCB
:10B8C00000BF00BF00BF00BF00BF00BF00BF00BF80
:10B8D00000BF00BF00BF00BF00BF00BF00BF00BF70
:10B8E00000BF00BF00BF00BF00BF00BF00BF00BF60
:10B8F00000BF00BFFFF790FC002DAFD10120BDE7D6
:10B9000010B5FE4804F0D8FEFD480068FD49084324
:10B91000FB490860FC480068FF2109020843FA4916
:10B920000860FA48C06A02210843F849C862142036
:10B93000F749086000204860F64804F0BDFE10BDDD
:10B9400010B5EE4804F0B8FEF048C06A0221884302
:10B95000EE49C862EF4804F0AFFE10BD0021EC488C
:10B960008161C161016241628162C16201644164BD
:10B970008164C164704700B5FFF7F0FFE448006AD6
:10B98000E549C97A0843E24908620846406AE24943
:10B99000097B0843DE4948620846806ADE49C97867
:10B9A0000843DB4988620846C06ADB494979084395
:10B9B000D749C8620846006CD74949780843D4493A
:10B9C000086400BDFF21D2488161C161016241620A
:10B9D0008162C162016441648164C1647047CF487F
:10B9E0000078CF490978CC4A515C0843CB490870AC
:10B9F00008464078CA494978515C0843C7494870AD
:10BA000008468078C6498978515C0843C3498870E4
:10BA10000846C078C249C978515C0843BF49C8701C
:10BA200008460079BE490979515C0843BB49087151
:10BA300008464079BA494979515C0843B749487189
:10BA400008468079B6498979515C0843B3498871C1
:10BA50000846C079B249C979515C0843AF49C871F9
:10BA6000704701B5684600780007000FAC490870C0
:10BA70006846007800114870684640780007000F5B
:10BA80008870684640780011C8700C2008710F203B
:10BA9000487188710E20C871FFF7A1FF08BDA14849
:10BAA00000788007C00F05D09E48007802218843A7
:10BAB0009C490870704799480178954841649748B7
:10BAC000417893480164954881789148C1629348D0
:10BAD000C1788F488162914801798D4841628F48D1
:10BAE00041798B4801628D4881798948C1618B48D1
:10BAF000C179874881618948017A8548816487488E
:10BB0000417A8348C16470477047704730B5034637
:10BB10000D46012D0ED10A208149C87188714871E6
:10BB200008710846C3700A20887048700870FFF7D3
:10BB300056FF03E1002B25D17B48C07800117849DE
:10BB4000C8717948C0780007000F887176488078FE
:10BB500000114871744880780007000F087172481E
:10BB600040780011C870704840780007000F887056
:10BB70006D480078001148706B4800780007000F8E
:10BB800008709EE0012B25D16748C07900116449F7
:10BB9000C8716548C0790007000F887162488079D4
:10BBA00000114871604880790007000F08715E48F5
:10BBB00040790011C8705C4840790007000F887018
:10BBC0005948007900114870574800790007000F64
:10BBD000087076E0022B25D15348C07A00115049F5
:10BBE000C8715148C07A0007000F88714E48807AAA
:10BBF000001148714C48807A0007000F08714A48CC
:10BC0000407A0011C8704848407A0007000F8870D9
:10BC10004548007A001148704348007A0007000F39
:10BC200008704EE0032B25D13F48C07B00113C49F2
:10BC3000C8713D48C07B0007000F88713A48807B7F
:10BC4000001148713848807B0007000F08713648A2
:10BC5000407B0011C8703448407B0007000F88709B
:10BC60003148007B001148702F48007B0007000F0F
:10BC7000087026E0042B24D12B48C07C00112849F1
:10BC8000C8712948C07C0007000F88712648807C55
:10BC9000001148712448807C0007000F0871224879
:10BCA000407C0011C8702048407C0007000F88705D
:10BCB0001D48007C001148701B48007C0007000FE5
:10BCC000087007240AE01648005D002803D10A2006
:10BCD0001349085500E003E0601EC4B2022CF2DCF8
:10BCE00000BFFFF77CFE0D48007A402108430B4956
:10BCF00008720846007A8021084317E05AA5000020
:10BD000000110140FCF000000013014000F0004071
:10BD100000D00040A55A0000FD630100370F00204D
:10BD2000460F0020DF000020800E0020FE49087230
:10BD30000846407880210843FB49487030BD00B573
:10BD4000FA480078C00934D1F94840790011F9491E
:10BD5000C871F74840790007000F8871F4480079EE
:10BD600000114871F24800790007000F0871F0488F
:10BD7000C0780011C870EE48C0780007000F8870C6
:10BD8000EB48807800114870E94880780007000F80
:10BD9000087007230AE0E748C05C002803D10A20A6
:10BDA000E449C85400E003E0581EC3B2022BF2DCA1
:10BDB00044E0DF48007B0011DE49C871DC48007BAD
:10BDC0000007000F8871DA48C07A00114871D8481E
:10BDD000C07A0007000F0871D548807A0011C8703A
:10BDE000D348807A0007000F8870D148407A00114C
:10BDF0004870CF48407A0007000F087007230AE018
:10BE0000CC48C05C002803D10A20CA49C85400E0CD
:10BE100003E0581EC3B2022BF2DC00BF022B03D199
:10BE20000C20C449C87009E0072B03D10C20C1497C
:10BE3000C87103E00C21BF4A581C1154FFF7CFFD15
:10BE4000B948407880210843B749487000BD10B513
:10BE50000421B948F7F7E8FEB7490979884205D0C7
:10BE60000423B54AB549A02000F090FDB248C0783F
:10BE70000011B049C871B048C0780007000F887140
:10BE8000AD48807800114871AB4880780007000FFA
:10BE90000871A94840780011C870A7484078000789
:10BEA000000F8870A448007800114870A2480078FC
:10BEB0000007000F087007240AE09E48005D002874
:10BEC00003D10A209B49085500E003E0601EC4B27C
:10BED000022CF2DC00BFFFF782FD934840788021FE
:10BEE00008439149487010BD00B50A209149C871B6
:10BEF00088714871087192484178027808021043AD
:10BF000000138C49C8708E484178027808021043AB
:10BF10000005000F87498870894841780278080237
:10BF200010430006000F8349487085484178027825
:10BF3000080210430007000F7E490870FFF74FFD0D
:10BF40007948007880210843774908700846007ACC
:10BF5000202108437449087200BD10B50A207549B4
:10BF6000C871887176480C3809F0BCFC0002000FDB
:10BF70007049487172480C3809F0B4FC0003000F96
:10BF80006C49087108464079002807D10A20487199
:10BF900008460079002801D10A20087168480C3849
:10BFA00009F0A0FC0004000F6249C87064480C3816
:10BFB00009F098FC0005000F5E49887060480C3855
:10BFC00009F090FC0006000F5A4948705C480C3894
:10BFD00009F088FC0007000F56490870FFF7FFFCC6
:10BFE0005148007A102108434F4908720846C0782A
:10BFF000802108434C49C87010BD10B50A204D4936
:10C00000C871887148714E481C3809F06BFC0002F9
:10C01000000F4849087108460079002801D10A201C
:10C02000087147481C3809F05DFC0003000F4149C6
:10C03000C87043481C3809F055FC0004000F3D4906
:10C0400088703F481C3809F04DFC0005000F394945
:10C0500048703B481C3809F045FC0006000F354984
:10C060000870FFF7BCFC3048C078802108432E4997
:10C07000C8700846007A402108432B4908720846D8
:10C08000C0792F2108432849C87110BD704700B5F9
:10C090000A202849C8718871487108712848C178F8
:10C0A00082780802104300132249C8702448C178DE
:10C0B0008278080210430005000F1E49887020484E
:10C0C000C1788278080210430006000F19494870B1
:10C0D0001B48C1788278080210430007000F1549F9
:10C0E0000870FFF77CFC10484078802108430E4917
:10C0F000487000BD00B50A200E49C87188714871AA
:10C1000008710F4841790279080210430013094968
:10C11000C8700B4841790279080210430005000FEE
:10C120000449887006480DE0370F0020D700002032
:10C1300053070020460F0020800000204C24000000
:10C140004C0E002041790279080210430006000FCE
:10C15000FE494870FE484179027908021043000701
:10C16000000FFA490870FFF73AFCFA48C0788021BE
:10C170000843F849C87000BD00B5F748C078001101
:10C18000F249C871F448C0780007000F8871F2487E
:10C19000807800114871F04880780007000F08711E
:10C1A000ED4840780011C870EB4840780007000F58
:10C1B0008870E948007800114870E7480078000767
:10C1C000000F087007230AE0E048C05C002803D194
:10C1D0000A20DE49C85400E003E0581EC3B2042B15
:10C1E000F2DC00BFFFF7FBFBDA480079802108434F
:10C1F000D849087100BD00B5D848407C0011D3492A
:10C20000C871D648407C0007000F8871D348007C75
:10C2100000114871D148007C0007000F0871CF4819
:10C22000C07B0011C870CD48C07B0007000F88702C
:10C23000CA48807B00114870C848807B0007000F07
:10C24000087007230AE0C148C05C002803D10A2017
:10C25000BE49C85400E003E0581EC3B2012BF2DC13
:10C2600000BFFFF7BCFB00BD38B5BD48007869468C
:10C27000C870C878642109F0E4FA69468870C87803
:10C28000642109F0DEFA0C460A21204609F0D9FAA9
:10C2900069464870C8780A2109F0D3FAC8B26946DD
:10C2A000087008780007000FA849087069464878A8
:10C2B0000007000FA5494870694688780007000FFD
:10C2C000A24988700A20C870087148718871C871C5
:10C2D000FFF785FB38BD10B50446002C1AD10023AA
:10C2E00010E0181D9F49085C0007000F5900974A8D
:10C2F0005054181D9B49085C00115900491C5054AA
:10C30000581CC3B2022BECDB0A209049C87188711B
:10C3100048710871012C12D100230EE09148C05CD5
:10C320000007000F5900894A50548E48C05C001124
:10C330005900491C5054581CC3B2042BEEDBFFF7C4
:10C340004EFB10BD00B5884800790007000F7F49FB
:10C3500008708548007900114870834840790007CB
:10C36000000F8870804840790011C8707E4880793D
:10C370000007000F08717C488079001148710A207D
:10C38000C8718871FFF72BFB724840788021084301
:10C390007049487008460079802108436D4908714A
:10C3A00000BD00B5704800780007000F67490870AD
:10C3B0006D480078001148706B4840780007000F06
:10C3C0008870694840780011C87067488078000715
:10C3D000000F087164488078001148710A20C87104
:10C3E0008871FFF7FCFA5B4840788021084359497F
:10C3F000487008468078802108435649887008466E
:10C40000007980210843534908710846407980210A
:10C4100008435049487100BD00B500204B49C87120
:10C420001020887148710A200871C8704F48007840
:10C430000007C00F02D00120087002E0002043492D
:10C4400008704A480078C006C00F03D001203F4959
:10C45000487002E000203D4948704448007880065A
:10C46000C00F03D001203949887002E0002037490D
:10C470008870FFF7B4FA3E484078C006C00F0BD072
:10C480003C4840788006C00F0CD0324800788021AC
:10C4900008433049087005E02E48007880210843A1
:10C4A0002C490870324840788006C00F0BD03148C4
:10C4B00040788006C00F0CD0264840788021084381
:10C4C0002449487005E023484078802108432149E9
:10C4D0004870274840784006C00F0BD02548407868
:10C4E0008006C00F0CD01B48C07880210843194932
:10C4F000C87005E01748C078802108431549C87006
:10C5000000BD70471A480078C006C00F38D11848DF
:10C5100000788006C00F33D1154800784006C00F60
:10C520002ED113480078C0092AD111484078C0079D
:10C53000C00F25D10E4840788007C00F20D10C488D
:10C5400040784007C00F1BD1094815E0460F002076
:10C550004C0E0020370F00206B00002053070020F6
:10C560001A0000200C0000201F000020D90000202D
:10C57000D50000202900002040780007C00F16D009
:10C58000DA480078401CD949087008460078082825
:10C5900023DD00200870D6480078401CD44908707C
:10C5A00008460078012818DD0020087015E0CF4803
:10C5B0000078401CCD4908700846007808280CDD3A
:10C5C00000200870CA480078401CC9490870084615
:10C5D00000780B2801DD01200870704738B50F2264
:10C5E0000021C448F7F754F900240AE0C048007855
:10C5F000810040180019C049085CC0490855601CFA
:10C60000C4B2042CF2DBBA48007881004018001D47
:10C61000B9490D5CB948C07800281BD1B74880786B
:10C62000902802D1FFF78BFB02E1B44880780828FC
:10C6300002D1FFF70CFCFBE0002D05D1AF490878D3
:10C640000021FFF763FAF3E0AC4908780121FFF716
:10C650005DFAEDE0A948C078022823D1A748807888
:10C66000032810D004DC012807D0022818D107E0E5
:10C6700006280BD0802813D10BE0FFF735FC10E023
:10C68000FFF76BFC0DE0FFF7B8FC0AE0FFF732FDA7
:10C6900007E09A480078202801D1FFF76DFD00E0FF
:10C6A00000BFC5E09548C078032808D1934809F039
:10C6B00019F993498842B7D1FFF79DFDB8E08F483B
:10C6C000C07804282FD18D4809F00CF98D49884293
:10C6D00003D12846FFF7FFFDAAE0884809F002F9D8
:10C6E0008849FD39884202D1FFF7BEFDA0E08348AA
:10C6F00009F0F8F88449884202D1FFF723FE97E059
:10C700007E4809F0EFF88049491C884202D1FFF7C2
:10C7100048FE8DE0794809F0E5F87C49884201D16E
:10C72000FFF7B4FC84E07548C078072808D1734847
:10C7300009F0D8F8764988427AD1FFF76DFE77E0A4
:10C740006E4809F0CFF87349884271D100217248D0
:10C750000170417071484078C007C00F0BD06E491E
:10C760004878097800020843022108436A490870A2
:10C77000000A48700FE069480078C006C00F0AD070
:10C780006549487809780002084301210843624955
:10C790000870000A4870614840788007C00F0BD0CD
:10C7A0005D494878097800020843202108435A4926
:10C7B0000870000A48700FE0584800788006C00FE3
:10C7C0000AD05549487809780002084310210843E7
:10C7D00051490870000A4870504840784007C00F1F
:10C7E0000CD04D49487809780002084301214902DC
:10C7F000084349490870000A487010E0474800782B
:10C800004006C00F0BD0444948780978000208431D
:10C81000FF210131084340490870000A48703E4931
:10C820000A7868460270497841700098FFF719F954
:10C830003B480078C007C00F05D02E48C07938218A
:10C8400008432C49C87136484078C006C00F0BD049
:10C85000334840788006C00F11D02648407A8021A6
:10C860000843244948720AE02E4800784006C00F69
:10C8700005D02048407A802108431E494872294843
:10C880000078C0090AD1264840788006C00F05D03C
:10C890001848C079802108431649C871214840785A
:10C8A0004007C00F0AD01E4840788006C00F05D050
:10C8B00010488079802108430E49887119484078D2
:10C8C0004006C00F0AD0164840788006C00F05D039
:10C8D000084800788021084306490870FFF7EBF804
:10C8E00038BD10B5FFF77AFE10BD70479F010020DC
:10C8F0009E010020370F0020C1630100A10100202C
:10C90000010233030204000401010004010B0904C5
:10C910000101000788888888A5010020D500002033
:10C9200029000020A0000020F8B506460C46154658
:10C930001F46002D00D1F8BD3B462A462146304611
:10C94000FEF784FF13200002201881B23B462A46DE
:10C950003046FEF77BFF00BFEDE7F8B506460C4614
:10C9600015461F46002D00D1F8BD3B462A462146FC
:10C970003046FEF76BFFE01DFF30FA3081B23B46D8
:10C980002A463046FEF762FF00BFEDE7F8B50746DE
:10C990000E4615461C46002D01D10120F8BD631C32
:10C9A0002A4631463846FEF715FF21462846F7F756
:10C9B0003BF9295D884217D013200002301881B25C
:10C9C000631C2A463846FEF705FF21462846F7F73E
:10C9D0002BF9295D884201D00120DFE7631C2A463C
:10C9E00031463846FEF732FF0020D7E7F8B5074654
:10C9F0000E4615461C46002D01D10120F8BD631CD2
:10CA00002A4631463846FEF7E5FE21462846F7F726
:10CA10000BF9295D88421DD013200002301881B225
:10CA2000631C2A463846FEF7D5FE21462846F7F70E
:10CA3000FBF8295D884201D00120DFE72146284626
:10CA4000F7F70EFD002805D1631C2A46314638460B
:10CA5000FEF7FCFE21462846F7F702FD012800D12B
:10CA6000CCE70020CAE7F8B507460D4614461E4637
:10CA7000002C01D10120F8BD334622462946384614
:10CA8000FEF7A8FE31462046F7F78CFC552816D154
:10CA9000E81DFF30FA3081B2334622463846FEF7B1
:10CAA00099FE31462046F7F77DFC552801D101203B
:10CAB000E1E73346224629463846FEF7C7FE002006
:10CAC000D9E77CB5002500243723FA4AFF21C73176
:10CAD000A020FEF77FFE3621F648F7F786FC0128F6
:10CAE00031D10422F349F448F6F7DCFE2A22F14959
:10CAF000091DF248F6F7D6FE1421F048F7F775FC49
:10CB0000002800D10125EB482E308079EC49897945
:10CB1000884200DD0124E7482E308079E849897990
:10CB2000884207D1E3482E304079E5494979884267
:10CB300000DD0124012C0FD10722DE492E31E0480F
:10CB4000F6F7B0FE08E001250020DB4908704870C8
:10CB50000021D9488170C170012D2ED11423D74AEC
:10CB600013210902A020FFF711FF1421D348F7F782
:10CB70005BF8D249087507236A4615210902A020EF
:10CB8000FEF728FE68468079CD498979884200DD24
:10CB9000012468468079CA498979884206D1684665
:10CBA0004079C7494979884200DD0124012C04D12C
:10CBB00007226946C248F6F775FE002C19D1C04815
:10CBC0008179BC482E308079814206DCBC484179AD
:10CBD000B8482E304079814226DD15220021B9481F
:10CBE000F6F756FE1523B74AB749A020FFF79CFE7B
:10CBF0001AE00722B249B548F6F754FE03F0DEFE0C
:10CC0000AA2806D1B248407802218843801CB04946
:10CC1000487004F0ABF8AA2806D1AD48407802214C
:10CC20008843801CAA4948707CBD10B5FFF749FFB6
:10CC30001423A44AA449A020FFF7A8FE0623A54A6E
:10CC4000A549A020FFF7A2FE0423A44AA249C91DBA
:10CC5000A020FFF79BFE03F049FE99488078A04989
:10CC60000870974840789F490870954840789E49D9
:10CC7000087008239D4A9E49A020FEF7ABFD1A23A9
:10CC80009C4A9549BB39A020FFF780FE16239A4A9B
:10CC90009A49A020FFF77AFE0823994A9749093953
:10CCA000A020FFF773FE0423964A94490E39A02072
:10CCB000FFF76CFE0123944A87490C31A020FFF74F
:10CCC00065FE91491A39887EF7F729F800208F49C7
:10CCD0000870F7F751F817238D4A09218902A0201F
:10CCE000FFF754FE01238B4A81491131A020FEF742
:10CCF00071FD88480078322809DB002085490870DA
:10CD000001230A467A491131A020FEF79FFD022334
:10CD1000814A8249A020FEF75DFD814800784008E5
:10CD200040007D4909788906C90F08437C4908708D
:10CD3000084600782021884377490978C906C90F39
:10CD4000490120221140084375490870084640787F
:10CD500004218843704909784906C90F89000422D3
:10CD6000114008436E4948700846407808218843BE
:10CD7000694909780906C90FC9000822114008430A
:10CD800067494870644800786649087001235E4A24
:10CD90005A3A6249491EA020FEF71CFD5A485A38EB
:10CDA0000078002806D04A48C078402188434030A7
:10CDB0004749C8704648C078802188434449C870B4
:10CDC0000223594A5949A020FFF7E0FD5649487807
:10CDD000097800020843564908600223554A53491E
:10CDE0005339A020FFF7D2FD524948780978000254
:10CDF00008435149086000205049086050490860C4
:10CE0000504908605049086010BD70B505460024BF
:10CE100006E003F06AFC642003F05AFC601C84B254
:10CE2000C82CF6DB002405E0002037495A390855A4
:10CE3000601C84B2802CF7DB00240BE0E005010CC1
:10CE40008023314A5A3AA020FEF700FD03F04DFC42
:10CE5000601C84B2AC42F1DB70BDF8B5054603F04E
:10CE600044FC002D1CD106231A4A1B49A020FFF7C1
:10CE70008DFDBE20FFF7C9FF002407E000212046FA
:10CE80003230214A5A3A1154601CC4B20F2CF5DBDF
:10CE90000F231D4A283A13210902A020FFF744FD61
:10CEA000012D02D1FA20FFF7B0FF03F01EFC002491
:10CEB0005AE000005402002059010020800E00209A
:10CEC0001F000020AA0E0020D2130000D301002072
:10CED000290000200C000020321B00001A00002056
:10CEE0006D0100206E01002041000020E1000020C3
:10CEF00015150000D7060020530700205A24000013
:10CF00004A07002080000020E502002043000020A6
:10CF10003C020020770000202E000020B816000000
:10CF20007301002030000020B0000020F725000031
:10CF3000AC000020B4000020BC000020C000002095
:10CF4000C8000020CC000020C400002013200002F4
:10CF500060431B221202801881B25A23F84AA02093
:10CF6000FEF774FC601CC4B2022CEFDB00240CE062
:10CF7000132000026043F34A801881B24023F24A32
:10CF8000A020FEF763FC601CC4B2022CF0DB00247E
:10CF90000CE0132000026043EC4A801881B2562353
:10CFA000EB4AA020FEF752FC601CC4B2022CF0DB5E
:10CFB00003F09BFB002431E01320000260431722A2
:10CFC0001202801881B22B23E24AA020FEF73EFC19
:10CFD000132000026043DB4A963A801881B22B236B
:10CFE000DC4AA020FEF732FC132000026043D54A41
:10CFF000643A801881B22B23D64AA020FEF726FC83
:10D00000132000026043CF4A323A801881B22B23AA
:10D01000D04AA020FEF71AFC601CC4B2022CCBDB65
:10D0200000242FE0002629E0FF2084307043CA4A04
:10D030008218132000026043101881B22B23C74AC4
:10D04000A020FEF703FC002714E02B207843C24AFF
:10D050002B328218FF2084307043121813200002F4
:10D060006043101881B22B23BD4AA020FEF7EEFBCF
:10D07000781CC7B2082FE8DB701CC6B2022ED3DBC7
:10D08000601CC4B2022CCDDB00240AE0E001312296
:10D09000520281188023B34AA020FEF7D7FB601C00
:10D0A000C4B2142CF2DB132000026043AE4A801895
:10D0B00081B20923AD4AA020FEF7C8FB1722002148
:10D0C000AB48F6F7E5FB0422A849A948801CF6F70F
:10D0D000E9FB0422A549A748F6F7E4FB0422A3498B
:10D0E000A548F6F7DFFB0421A348F7F770F90523FD
:10D0F000A14A9D49491FA020FFF716FC16219C4814
:10D10000F7F765F917239A4A97490931A020FFF7E5
:10D110000BFC1623994A94490931A020FFF736FCED
:10D1200003F0E3FA2223964A8F49C531A020FFF786
:10D13000FBFB6C23934A8C49E731A020FFF7F4FBFB
:10D140001B23914A8449E339A020FFF7EDFB152208
:10D1500000218E48F6F79CFB15238C4A8C49A020B1
:10D16000FFF7E2FBC82200218A48F6F791FBC822AC
:10D1700000218848C830F6F78BFBFF239133854A9E
:10D180008549A020FEF762FB002084490870012336
:10D190000A468149491EA020FEF758FB002D0CD1FC
:10D1A00006217F48F6F740FD7D49887107230A462E
:10D1B00069492839A020FFF7B7FB002005F072FB72
:10D1C000002078490870487008464078202188433C
:10D1D00020307449487002230A467349A020FEF7A4
:10D1E00035FBD0207149087002204870084600784D
:10D1F000497840186D49887003230A466C49A0207D
:10D20000FFF792FB05206B49087000204870084624
:10D210004078097840186749887003230A466449B2
:10D220005339A020FFF780FBB420634908707220B7
:10D230004870782088703620C8704448FD30888057
:10D2400000208871C87108215B48F6F7EDFC5A4947
:10D25000087209230A4656495039A020FFF764FB9B
:10D26000402200215548F6F713FB05225449534844
:10D27000F6F718FB0A22534950482030F6F712FB04
:10D2800040214D48F6F7D0FC4C494031087041230D
:10D290004A4A47494639A020FFF746FB01204A4940
:10D2A0000870002048708870C87004214648F6F75E
:10D2B000BBFC4549087105230A4627492139A020AE
:10D2C000FFF732FB002404E0002026490855601CCB
:10D2D000C4B2402CF8DB4023224A3C49A020FEF790
:10D2E000B5FA3C203A4908701E494870087002237C
:10D2F0000A462949491FA020FFF716FBDD203549C2
:10D300000870E5204870D6208870CA20C870091DB2
:10D310002548853808F0F0FA2E490831B42008F085
:10D32000EBFA0C212B48F6F77FFC2A4908730D23F2
:10D330000A460D492D31A020FFF7F6FAF8BD00008E
:10D340000E640100C817000068640100081900009D
:10D35000A8640100FE6401005A1B0000DB650100A7
:10D36000066601008B02002051240000D2650100F6
:10D370006A0700207C000020800000205307002066
:10D38000446501006665010029650100AA0E0020C0
:10D39000D2130000D70700202715000077000020D7
:10D3A0000C0000202E000020B8160000B000002065
:10D3B000F7250000B4000020740900207E09002039
:10D3C00031660100366601001A000020C07F0000AF
:10D3D000240200206709002070B50A23334A34492B
:10D3E000A020FEF7F7F90026002408E02F48005D92
:10D3F000FF2800D070BD701CC6B2601CC4B20A2CDD
:10D40000F4DB0A23294A2A49A020FEF7E3F9002584
:10D41000002408E02548005DFF2800D0EAE7681CEA
:10D42000C5B2601CC4B20A2CF4DB092E04DB092D42
:10D4300002DB0120FFF711FD00BFDBE71D481E499D
:10D440008860002008611B481C4988600020086132
:10D4500018481B49886000200861164819498860EF
:10D4600008200861134818498860002008611148A5
:10D470001649886020200861124880680821084306
:10D480001049886008460069082108430D49086171
:10D490000E488068202108430C49886008460069CE
:10D4A0002021084309490861704700008B020020D1
:10D4B000EE7F0000FFFF0000001401400016014055
:10D4C0000012014000100140001101400013014012
:10D4D00010B5002819DAFD4A03071B0F083B9B080B
:10D4E0009B00D2588307DC0EFF23A3409A438B078F
:10D4F0001B0E8407E40EA3401A43F44B0407240FC9
:10D50000083CA408A4001A5118E0F14A03231B02A6
:10D51000D21883089B00D2588307DC0EFF23A34058
:10D520009A438B071B0E8407E40EA3401A43E84B73
:10D53000032424021B198408A4001A5110BD10B53D
:10D54000E44803F0B9F8E44800680C210843E249D4
:10D550000860E248006B10210843E0490863E04896
:10D5600003F0AAF80020DF4948610A2048605420EF
:10D57000C860092003F07AF810220021DA48F6F793
:10D5800087F90020D849491E4874887410BD10B529
:10D59000D248006B1021084010280BD0CD4803F072
:10D5A0008BF8CE48006B10210843CC490863CC4867
:10D5B00003F082F8C84800680C2108400C2803D109
:10D5C000C5484068084211D0C24803F075F8C24807
:10D5D00000680C210843C0490860084640680C21D7
:10D5E0008843BD494860BE4803F066F81022002118
:10D5F000BD48F6F74DF90020BA4948610A20486055
:10D600005420C860092003F031F810BD0020B7494C
:10D6100008800846007880218843B449087008468D
:10D62000007840218843B1490870084640780421B9
:10D630008843AE4948700846407808218843AB4982
:10D6400048700846007820218843A8490870084699
:10D65000407840218843A549487008464078022117
:10D660008843A2494870FF202D30A1490880A14974
:10D6700008809E48407840084000401C9B49487004
:10D68000FF20F5309C490880984840782021884345
:10D6900020309649487000209849087098490870D1
:10D6A00098490870984908809849088098490880E6
:10D6B00098490870704710B58B48401E007BC00623
:10D6C000C00F69D08848401E007C032864DB864870
:10D6D000401E407B8006C00F31D105208149486043
:10D6E000092002F0CAFF03210920FFF7F1FE0920FB
:10D6F00002F0BCFF7C48401E007B082188437A4929
:10D70000491E08730846407B4006C00F03D1FE2027
:10D710007449086102E0EE20724908617248401EB7
:10D72000C07A2021884320306F49491EC8720846BC
:10D73000007B102188436C49491E087310BD0520E9
:10D7400068494860092002F098FF03210920FFF78B
:10D75000BFFE092002F08AFF6348401E007B0821BB
:10D7600088436149491E08736B4800785D49086128
:10D770005D48401EC07A2021884320305A49491E06
:10D78000C8720846007B102188435749491E087318
:10D79000042088710120087200BFCFE738B5024627
:10D7A0000C460020C04300901EE06D462878157896
:10D7B00068406D462870002113E0684603880088A1
:10D7C000451000956846008845046D0C0095D80703
:10D7D000C00F04D06D462888504D68400090481C0A
:10D7E000C1B20829E9DB521C2046651EECB20028B4
:10D7F000DBD16846008838BD30B504460D46607BF5
:10D800008006C00F61D1A079030008F0E3FC110A83
:10D810000B0C1E2A2B2C2D2E2F404E8B99B2BDC9DE
:10D82000C80000BF00BF607B4006C00F02D1FE20D1
:10D83000E07001E0EE20E070207B08218843083092
:10D840002073A079401CA071B0E06820E070E07106
:10D85000207B0821884308302073A079401CA071E8
:10D86000A4E000BF00BF00BF00BF00BFE179A07906
:10D87000001F2B4A105CE0700818E071207B082123
:10D88000884308302073A079401CA0718EE0E079B5
:10D890006821E1704018E071207B0821884308303E
:10D8A0002073A079401CA07180E0E1792878802263
:10D8B0001043E0700818E071207B0821884308308D
:10D8C0002073A079401CA07170E070E01CED00E0B6
:10D8D00000E100E05AA500000012014000F0004005
:10D8E000A55A000000500040900B0020A00000202E
:10D8F000A4000020A6000020A8000020CB010020EA
:10D90000CC010020CD010020C4010020C601002070
:10D91000C8010020D4000020AC0B002001A00000B2
:10D920000C000020E0796978E1704018E071207BFC
:10D930000821884308302073A079401CA07135E08D
:10D94000207A6978884210DA217A481C2072A81C53
:10D95000405C3330C0B2E070E1794018E071207B68
:10D96000082188430830207320E0A079401CA07172
:10D9700000BFE079E070A079401CA071207B0821F5
:10D9800088430830207311E01620E070207B0821C6
:10D99000884308302073A079401CA07106E000BFC6
:10D9A000607B102188431030607300BF57E0A87877
:10D9B00000284FD0A079030008F00CFC07050607EB
:10D9C000080D2138450000BF00BF00BF0420A07132
:10D9D000012020723DE0207A697888420BDA217AB2
:10D9E000481C2072A81C405CE070207B0821884302
:10D9F000083020732DE0A079401CA07100BF697829
:10DA0000A81CFFF7CBFEFE49088008460078E070AE
:10DA1000084641786A78A81C8154207B08218843F5
:10DA200008302073A079401CA07112E06978A81C0E
:10DA3000405CE070207B0821884308302073A07987
:10DA4000401CA07105E0607B10218843103060739A
:10DA500000BF04E0607B102188431030607330BD4C
:10DA60000146E8480088401CE64A108010460088BD
:10DA7000E54A1288904214DB0020E34A1080E14A14
:10DA80001080E24A1080E248007840084000E04AF6
:10DA900010701046007802229043DD4A1070012079
:10DAA0007047DC48D74A1288805C08700020F7E78E
:10DAB00030B504460D46607B8006C00F7CD12079CE
:10DAC000411C2171030008F085FB0A0628292A2B36
:10DAD0002C2D4E687F8F6078682805D0E07A082169
:10DAE00088430830E07230BD0620E073607B400858
:10DAF0004000401C607360786071207B40084000EB
:10DB0000401C2073207B02218843801C2073207BD3
:10DB100004218843001D2073BBE000BF00BF00BF8D
:10DB200000BF00BF6078992803D0207B40084000E8
:10DB300020736078AA2803D0207B042188432073B7
:10DB40002079801EB449085C6178884206D06078EC
:10DB5000AA2803D0207B0221884320736079617852
:10DB60004018607195E0607868280BD1207BC00771
:10DB7000C00F0DD1207B8007C00F09D1207B40074B
:10DB8000C00F05D1E07A082188430830E072AAE787
:10DB900060796178401860717BE060787F280CDDE7
:10DBA0006078AA2809D06078912806D0E07A082108
:10DBB00088430830E07296E76CE06079617840183D
:10DBC00060716078287064E06078DC2805DDE07AB8
:10DBD000082188430830E07285E760796178401851
:10DBE00060716078687054E020790B38207020787C
:10DBF000697888420EDA2078D1280BDA607961786A
:10DC00004018607160783338C1B261702278A81C06
:10DC100081543DE020786978884209D16079617843
:10DC2000884235D0E07A082188430830E0725AE70C
:10DC300021786878401C81422AD16078162805D066
:10DC4000E07A082188430830E0724CE7E07A40210E
:10DC500088434030E072E07A04218843001DE0727E
:10DC600000202071607B0007400F012805D16B4820
:10DC700040686B49084069494860607B0007400F75
:10DC8000052805D1674840686549084065494860EE
:10DC900000BF19E22079411C2171030008F09AFAB3
:10DCA0000F093F646F7A859091FDFCFBFAF9F8F754
:10DCB000F60060785C490978884205D0E07A08214E
:10DCC00088430830E0720EE70020584908700620AB
:10DCD000E073607B40084000401C6073207B40087C
:10DCE0004000401C2073207B02218843801C20734D
:10DCF000207B04218843001D20736078002803D016
:10DD0000207B40084000207360784949474A1278D8
:10DD1000885446480078401C44490870D3E1607834
:10DD20004349424A1278885408464078032815D05F
:10DD300008464078042811D00846407805280DD0C0
:10DD400008464078062809D008464078102805D0B3
:10DD5000E07A082188430830E072C4E6334800784E
:10DD6000401C32490870AEE1607831492F4A127880
:10DD700088542E480078401C2C490870A3E1607834
:10DD80002B492A4A1278885428480078401C274991
:10DD9000087098E160782649244A1278885423480C
:10DDA0000078401C214908708DE1607820491F4AA5
:10DDB000127888541D480078401C1C49087082E184
:10DDC00000BF60781A49194A12788854084640788A
:10DDD00003280BD008464078042807D0084640782E
:10DDE000052803D008464078062865D10F480078FA
:10DDF000072861D106210E48FFF7D0FC0D491BE032
:10DE0000BC010020C6010020C4010020C801002080
:10DE1000A0000020500F00200C00002000900040C7
:10DE2000F5FF0000005000401A0000203C010020D7
:10DE3000AC0B0020BE010020088008460078FE4997
:10DE40008979884205D1FD484078FB49C9798842E3
:10DE500005D0E07A082188430830E07243E6E07A92
:10DE6000402188434030E072E07A04218843001D5D
:10DE7000E07200202071F2490870607B0007400FBB
:10DE800001280ED1EF484068EF4907E017E1C3E0F1
:10DE9000C1E06DE06BE017E015E013E00840E949F0
:10DEA0004860607B0007400F052805D1E7484068BF
:10DEB000E5490840E5494860E1480078401CE049F0
:10DEC000087000E100BF00BF6078DB49DC4A1278CF
:10DED000885408464078102843D1084680790228A3
:10DEE0003FD1D74800780A283BD10921D248FFF713
:10DEF00055FCD249088008460078CF49497A8842C3
:10DF000005D1CE484078CC49897A884205D0E07A5C
:10DF1000082188430830E072E5E5E07A4021884333
:10DF20004030E072E07A04218843001DE072002056
:10DF30002071C3490870607B0007400F012805D19C
:10DF4000C0484068C0490840BE494860607B00073F
:10DF5000400F052805D1BD484068BB490840BB4972
:10DF60004860B7480078401CB5490870ABE000BF76
:10DF70006078B149B24A127888540846407810282F
:10DF800043D10846807904283FD1AD4800780C2859
:10DF90003BD10B21A848FFF701FCA849088008469F
:10DFA0000078A549C97A884205D1A4484078A24999
:10DFB000097B884205D0E07A082188430830E07266
:10DFC00091E5E07A402188434030E072E07A042114
:10DFD0008843001DE0720020207199490870607B21
:10DFE0000007400F012805D196484068964908402F
:10DFF00094494860607B0007400F052805D193488D
:10E00000406891490840914948608D480078401C1B
:10E010008B49087057E000BF60788749884A1278BA
:10E02000885408464078102843D10846807906284D
:10E030003FD1834800780E283BD10D217E48FFF761
:10E04000ADFB7E490880084600787B49497B8842C1
:10E0500005D17A4840787849897B884205D0E07AB2
:10E06000082188430830E0723DE5E07A402188438A
:10E070004030E072E07A04218843001DE072002005
:10E0800020716F490870607B0007400F012805D19F
:10E090006C4840686C4908406A494860607B0007EA
:10E0A000400F052805D1694840686749084067491D
:10E0B000486063480078401C6149087003E0002014
:10E0C0005F49087000BF00BF00BF0CE560490A88C7
:10E0D0000988491C5E4B19805E4988541946098895
:10E0E000FF222D32914202DB00211A46118032219B
:10E0F000594A1180704708B55448406902210842C6
:10E1000077D052484069052108405049486153483A
:10E1100000784007C00F26D008460069C0B20090C2
:10E120004E4800788007C00F18D1684600782B2829
:10E130000BD068460078252807D06846007861280B
:10E1400003D068460078A52807D14448007802210A
:10E150008843801C4149087000E008BD684600788B
:10E16000FFF7B4FFF9E739484069042108403C490A
:10E17000887008468078042108420DD03848407BDA
:10E18000C007C00F07D03648C07A0821884308303E
:10E190003349C87200E0E0E73148407BC007C00F58
:10E1A00074D12A480069682824D12D48407B400852
:10E1B0004000401C2A4948730620C8730846407B2B
:10E1C0000E2188430A30264948730846C07A400821
:10E1D0004000401CC8720846407B202188432049EB
:10E1E0004873204948780978000208431E490860AE
:10E1F0004CE053E0154800691C490978884244D135
:10E2000012480069FE2840D01548407B20218843F1
:10E210002030134948730846407B40084000401CAA
:10E2200048730846C07A40084000401CC872062067
:10E23000C8730846407B1BE0AC0B0020BE010020E9
:10E240003C01002000900040F5FF0000005000401D
:10E25000C8010020500F0020A2000020A0000020D4
:10E260008F0B0020B0000020AC0000201A0000201E
:10E270000E2188430A30F9494873F94948780978EA
:10E2800000020843F749086000E066E7F6480069C5
:10E29000F2494870F549F148FFF70AFCF248406935
:10E2A000C007C00F46D0F048406940084000EE4922
:10E2B0004861EF4800784007C00F2ED06846FFF74E
:10E2C000CFFB002824D0EB48007800280FD1E64887
:10E2D000406805218843E4494860084640680A21AF
:10E2E0008843E149486000204861486022E0DE48F8
:10E2F000406805218843DC494860084640680A2197
:10E300000843D9494860002048610A20486011E06C
:10E3100068460078D44908610CE0D449CF48FFF73B
:10E320006BFACE48407BC006C00F03D1CB48C07803
:10E33000CD49086100BF10E710B5CF4802F0BCF925
:10E34000CE48006806210843CC490860CC48006BE1
:10E3500089150843CA490863CA4802F0ADF900208C
:10E36000C94948615A204860C848C8600D2002F079
:10E370007DF910220021C648F5F78AFA0020C44929
:10E38000491E4874887410BD10B5C148401E007BFA
:10E39000C006C00F50D0BE48401E007C03284BDB97
:10E3A000BB48401E407B8006C00F20D15520B64997
:10E3B00048600D2002F061F903210D20FFF788F875
:10E3C0000D2002F053F9B248401E007B082188431B
:10E3D000AF49491E0873FE20AB490861AC48401E96
:10E3E000007B10218843AA49491E087324E0552068
:10E3F000A54948600D2002F040F903210D20FFF7E8
:10E4000067F80D2002F032F9A148401E007B082178
:10E4100088439F49491E08739E4800789A490861BD
:10E420009B48401E007B102188439949491E087370
:10E43000042088710120087210BD00B5924840691F
:10E44000022108427DD090484069052108408E494C
:10E45000486108464069042108408D49491E88707A
:10E46000084680780421084210D08948401E407B2D
:10E47000C007C00F09D08648401EC07A08218843D3
:10E4800008308349491EC87200E000BD8048401E24
:10E49000407BC007C00F4AD17B48006968281ED165
:10E4A0007B48401E407B202188437949491E4873A0
:10E4B0000846407B40084000401C48730846C07A2C
:10E4C00040084000401CC8720620C8730846407BC4
:10E4D0000E218843801C6E49491E487327E06A4814
:10E4E00000696D490978884220D16948401E407B07
:10E4F0002021884320306649491E48730846407BE6
:10E5000040084000401C48730846C07A400840005C
:10E51000401CC8720620C8730846407B0E21884301
:10E52000801C5B49491E487301E00AE0ADE756488C
:10E5300000695749491E487058495548401EFFF721
:10E54000B7FA51484069C007C00F15D04E4840691E
:10E55000062108404C49486150494D48401EFFF78C
:10E560004BF94B48401E407BC006C00F04D14848C1
:10E57000401EC0784449086100BF86E710B5404896
:10E58000006BFF210131084088420AD03A483C49DB
:10E5900008600846006B8915084339490863002064
:10E5A00008603648006806210840062803D1334831
:10E5B0004068084211D03048314908602F4800684F
:10E5C000062108432D490860084640680621884313
:10E5D0002A49486000202A490860102200212C485E
:10E5E000F5F756F90020284948615A2048600D2067
:10E5F00002F03CF810BD2648401E407BC006C00F0C
:10E6000014D021484069C007C00F0FD12048401ED8
:10E61000407B0007400F012808D11D48401EC07AEA
:10E620000821884308301A49491EC8720B48407BAC
:10E63000C006C00F11D00C484069C007C00F0CD1F4
:10E640000648407B0007400F052806D10348C07AE2
:10E650000821884308300149C87270478F0B002099
:10E66000B0000020AC00002000500040B10A0020A3
:10E67000A0000020CA0100205AA50000001401409B
:10E6800000F00040A55A000000900040FF0F00007D
:10E690009F0A0020AC0B00201A000020C0090020B7
:10E6A00010B5F848407BC007C00F0ED00020F649D7
:10E6B0000880F448C07B401EF249C8730846C07BFE
:10E6C000002812D1FFF75AFF0FE0EF480088401CE6
:10E6D000ED490880084600884B21C900884204DDC6
:10E6E0000020E9490880FFF727FEE648407C002823
:10E6F00015DDE6484078102188431030E349487022
:10E70000E048407C401EDF4948740846407C0028B1
:10E7100005D1DE48407810218843DC494870DC4848
:10E72000407BC007C00F0AD0D948C07B401ED849E3
:10E73000C8730846C07B002801D1FEF728FFD448E3
:10E74000C07AC007C00F02D00020D2490880D1484B
:10E750000088401CCF490880084600881E2803DD39
:10E7600000200880FEF713FFC948407C002815DD13
:10E77000C6484078102188431030C4494870C448C6
:10E78000407C401EC24948740846407C002805D1A0
:10E79000BE48407810218843BC49487010BD10B570
:10E7A000B848C07A0007C00F01D0FFF7E7FEB848AD
:10E7B000C07A0007C00F01D0FEF7E9FEB148C07A69
:10E7C000C007C00F0AD0FFF7DFFDAE48C07A400790
:10E7D000C00F03D0B049AB48F7F756FFAC48C07A3A
:10E7E000C007C00F0AD0FEF766FFA948C07A4007ED
:10E7F000C00F03D0A949A648F7F746FFFFF7FBFE75
:10E80000A048C07A0007C00F01D0FFF7B7FEA048AC
:10E81000C07A0007C00F01D0FEF7B9FE10BD30B5B9
:10E82000034600252C46284600220AE00A256843B4
:10E830004D1EAD1A5D5D303DECB20519A8B2551CF8
:10E84000EAB28A42F2DB30BD30B5034600252C46E1
:10E85000284600220AE00A2568434D1EAD1A5D5D78
:10E86000303DECB20519E8B2551CEAB28A42F2DB3F
:10E8700030BD024613071B0F1846303008701311C5
:10E8800018463030487002207047F8B505460E46ED
:10E89000002411E00A21284606F0D3FFCFB20A2156
:10E8A000284606F0CEFFC5B2384630303055002D30
:10E8B00000D103E0601CC4B2032CEBDB00BF601C82
:10E8C000C0B2F8BDF8B505460E46002411E00A2195
:10E8D000284606F0B6FF8FB20A21284606F0B1FF9F
:10E8E00085B2384630303055002D00D103E0601C31
:10E8F000C4B2052CEBDB00BF601CC0B2F8BD10B584
:10E9000002460B46002007E0145C002C02D10146B1
:10E91000084610BD441CE0B29842F5DB01460846AB
:10E92000F7E710B502461123002107E008015C4C0F
:10E93000205C904200D103E0481CC1B29942F5DB53
:10E9400000BF994201D1FF2010BD0846FCE7F0B599
:10E9500085B007463846FFF7E4FF0546FF2D01D195
:10E9600005B0F0BDFEF713FE4E4840680A2188430B
:10E970004C49486000204C4908804C4807702801E9
:10E980004749401846782801401840680290002501
:10E99000002408E00298025D2846691CCDB2444973
:10E9A0000A54601CC4B2B442F4DB3B0007F012FC12
:10E9B000110E0F1011215F31CBF7F60DF5F50A0B93
:10E9C000600CF5004EE14DE100BF4BE14AE149E149
:10E9D00048E125460A26002408E03648025D28461C
:10E9E000691CCDB232490A54601CC4B2B442F4DB93
:10E9F00038E125460A26002408E02F48025D284613
:10EA0000691CCDB22A490A54601CC4B2B442F4DB7A
:10EA100028E1254620212948FFF771FF06460024FA
:10EA200008E02648025D2846691CCDB220490A54F8
:10EA3000601CC4B2B442F4DB2C222846691CCDB25F
:10EA40001B490A5420211D482030FFF758FF064675
:10EA5000002409E019482030025D2846691CCDB227
:10EA600013490A54601CC4B2B442F3DBFAE0F9E083
:10EA7000254653212C46681CC5B20D48015500207F
:10EA8000039039E09E0A0020C001002029000020E8
:10EA90008F0B0020C2010020C0090020B10A002015
:10EAA0001067010000500040A4000020CA010020AF
:10EAB000500F0020A8010020B20100207E09002094
:10EAC00005220399511AFC4A505C6946FFF7D1FEB2
:10EAD000064600240AE0301B401E69460A5C2846B0
:10EAE000691CCDB2F5490A54601CC4B2B442F2DBD1
:10EAF0000398401CC0B2039003980628E0DB2C2248
:10EB00002846691CCDB2ED490A542846691CCDB28D
:10EB1000EA490A5441222846691CCDB2E7490A5401
:10EB200055222846691CCDB2E4490A54542228468D
:10EB3000691CCDB2E1490A544F222846691CCDB266
:10EB4000DE490A548EE025462C212C46681CC5B2AD
:10EB5000DA480155DA4988886946FFF7B3FE064668
:10EB600000240AE0301B401E69460A5C2846691CE6
:10EB7000CDB2D2490A54601CC4B2B442F2DB2C229A
:10EB80002846691CCDB2CD490A54CD49087869465A
:10EB9000FFF77BFE064600240DE062E060E05EE0E9
:10EBA000301B401E69460A5C2846691CCDB2C34929
:10EBB0000A54601CC4B2B442F2DB2E222846691CFF
:10EBC000CDB2BE490A54BE4948786946FFF75DFE9A
:10EBD000064600240AE0301B401E69460A5C2846AF
:10EBE000691CCDB2B5490A54601CC4B2B442F2DB10
:10EBF0002E222846691CCDB2B0490A54B049887803
:10EC00006946FFF742FE064600240AE0301B401E1C
:10EC100069460A5C2846691CCDB2A8490A54601CA2
:10EC2000C4B2B442F2DB2E222846691CCDB2A349FD
:10EC30000A54A349C8786946FFF727FE0646002410
:10EC40000AE0301B401E69460A5C2846691CCDB2AA
:10EC50009A490A54601CC4B2B442F2DB02E001E0FB
:10EC600000E000BF00BF012F0DD0022F0BD00D22FE
:10EC70002846691CCDB291490A540A222846691CCB
:10EC8000CDB28E490A54FF202D308E4908808E481F
:10EC90004068052108438C494860092001F0EDFCDB
:10ECA00003210920FEF714FC092001F0DFFC87484E
:10ECB000058000208649088086480078082188431E
:10ECC0008449087008460078022188438149087009
:10ECD0000846007840084000401C0870084600784C
:10ECE00004218843001D7B49087014207A49C873A9
:10ECF0000846407B40084000401C487375484078F7
:10ED000010218843734948707348C07A4008400016
:10ED1000401C7149C872694800786B49086100BF9E
:10ED20001EE610B56B4840784006C00F00D110BDFC
:10ED3000684800788006C00F00D0F8E76548407842
:10ED40008007C00F00D0F2E764480088002800DD8B
:10ED5000EDE763480078030007F03CFA0B07143C2A
:10ED6000637799C6E8FDFCFBFA0056480088002846
:10ED700007D10120FFF7EBFD59480078401C5849A6
:10ED8000087068E1534800780007C00F0BD00220DC
:10ED9000FFF7DDFD52480078401C51490870002003
:10EDA0005049087015E04B484078C006C00F0AD0A3
:10EDB0004848407804218843001D46494870032094
:10EDC0004749087005E03F480088002801D14449C0
:10EDD000087040E13F4800780007C00F0FD03D4861
:10EDE000407804218843001D3A49487000203D497D
:10EDF00008703B480078401C3949087010E03548DD
:10EE000040784007C00F05D035480078401C344991
:10EE1000087005E02B480088002801D130490870AF
:10EE200019E12848008800280ED12A48407804219A
:10EE30008843001D274948700E20FFF788FD2848A9
:10EE40000078401C2649087005E122480078000738
:10EE5000C00F08D022480078401C214908700020CB
:10EE60002049087012E01748008800280ED10320BE
:10EE70001B4908701B480078401C1A490870084656
:10EE80000078032802DD092015490870E3E00D48E9
:10EE9000008800280ED10F48407804218843001DC7
:10EEA0000C4948700F20FFF752FD0D480078401CB8
:10EEB0000B490870CFE000000C000020500F00202C
:10EEC00074090020A400002000500040C40100206C
:10EED000C6010020A00000208F0B0020A60000200B
:10EEE000CB010020CD010020FE4800780007C00FB4
:10EEF00008D0FD480078401CFB4908700020FB4901
:10EF0000087012E0FA48008800280ED10520F64962
:10EF10000870F6480078401CF449087008460078EC
:10EF2000052802DD0920F049087094E0F0480088C7
:10EF3000002813D1EB48407804218843001DE9499B
:10EF400048701020FFF703FDE7480078401C03E0FD
:10EF500080E032E025E002E0E34908707BE0E14830
:10EF600000780007C00F08D0DF480078401CDE4959
:10EF700008700020DD49087012E0DD480088002894
:10EF80000ED10720D8490870D8480078401CD749CE
:10EF9000087008460078072802DD0920D249087069
:10EFA00059E0D3480088002806D1FFF7D0FCCE48AE
:10EFB0000078401CCC4908704DE0CD4800880028FE
:10EFC00047D1C848407840218843C6494870084620
:10EFD000007820218843C349087008464078022100
:10EFE0008843C04948700846007804218843BD49D9
:10EFF00008700846407804218843BA49487008469A
:10F00000407808218843B74948700846407840084E
:10F010004000401C48700846007840218843B149B0
:10F0200008700846007880218843AE4908700020A7
:10F03000B0490870AD490870AB490870AE48007817
:10F04000401CAD49087008460078FA2801DD002010
:10F05000087000E000BF00BF00BF68E610B5A1481F
:10F0600040788007C00F00D110BDA4480088002858
:10F0700000DDF9E79C480078030007F0ABF80805CD
:10F08000123A617597A3F1F099480088002807D1DA
:10F090000120FFF75CFC94480078401C92490870FE
:10F0A0003FE1904800780007C00F0BD00220FFF727
:10F0B0004EFC8D480078401C8B49087000208B491D
:10F0C000087015E087484078C006C00F0AD0854810
:10F0D000407804218843001D8249487003208249FA
:10F0E000087005E082480088002801D17E49087038
:10F0F00017E17C4800780007C00F0FD079484078AE
:10F1000004218843001D7749487000207749087022
:10F1100075480078401C7449087010E071484078C8
:10F120004007C00F05D070480078401C6E49087039
:10F1300005E06F480088002801D16B490870F0E0B5
:10F140006B48008800280ED1664840780421884327
:10F15000001D644948700D20FFF7F9FB62480078F4
:10F16000401C61490870DCE05E4800780007C00F71
:10F1700008D05D480078401C5B49087000205B495E
:10F18000087012E05A48008800280ED10320564922
:10F19000087056480078401C5449087008460078AA
:10F1A000032802DD052050490870BAE05048008865
:10F1B000002806D1FFF7CBFB4B480078401C4A499A
:10F1C0000870AEE04A480088002845D1454840789C
:10F1D000022188434349487008460078202188432B
:10F1E0004049087008460078042188433D4908706A
:10F1F00008464078042188433A49487008464078D8
:10F200000821884337494870084640784008400044
:10F21000401C4870084600784021884331490870F6
:10F2200008460078802188432E490870FF20F53079
:10F230003349088000202F4908702C4908702A495A
:10F2400008702D480078401C2B490870084600784B
:10F25000FA2801DD0020087063E000E000E000BF54
:10F260002348008800285BD1FFF771FB1D48007818
:10F27000202188431B4908700846407802218843B2
:10F2800018494870084600780421884315490870D9
:10F29000084640780421884312494870084640785F
:10F2A000082188430F4948700846407840084000CC
:10F2B000487008460078402188430A49087008468B
:10F2C00000788021884307490870FF20F5300C49F9
:10F2D0000880FF202D30094908800020054908706A
:10F2E00002490FE0A0000020CB010020CD0100204A
:10F2F000A4000020CC010020D4000020A6000020A3
:10F30000A80000200870FE490870FE480078401CE4
:10F31000FC49087008460078FA2801DD00200870D2
:10F3200000BF00BF00BF9FE610B5F7480078800619
:10F33000C00F00D110BDF44840788007C00F00D046
:10F34000F8E7F2480088002800DDF3E7EC48007891
:10F35000030006F03FFF0C07143C637799ADCFDC48
:10F36000FEFDFCFBEA480088002807D10120FFF7DA
:10F37000EEFAE3480078401CE14908708BE1E2486E
:10F3800000780007C00F0BD00220FFF7E0FADC483E
:10F390000078401CDA4908700020DE49087015E04A
:10F3A000D9484078C006C00F0AD0D7484078042119
:10F3B0008843001DD44948700320D149087005E0F6
:10F3C000D3480088002801D1CD49087063E1CE48B8
:10F3D00000780007C00F0FD0CB4840780421884345
:10F3E000001DC94948700020CA490870C448007807
:10F3F000401CC349087010E0C34840784007C00F64
:10F4000005D0BF480078401CBD49087005E0C048E1
:10F410000088002801D1BA4908703CE1BC48008846
:10F4200000280ED1B848407804218843001DB64911
:10F4300048700D20FFF78BFAB1480078401CB049A6
:10F44000087028E1B04800780007C00F08D0AC4829
:10F450000078401CAA4908700020AE49087012E0EC
:10F46000AB48008800280ED10320A5490870A948A0
:10F470000078401CA749087008460078032802DD80
:10F4800009209F49087006E1A148008800280ED194
:10F490009D48407804218843001D9B494870062000
:10F4A000FFF755FA96480078401C95490870F2E03D
:10F4B000954800780007C00F08D091480078401C9C
:10F4C0008F49087000209349087012E09048008826
:10F4D00000280ED105208A4908708E480078401C0B
:10F4E0008C49087008460078032802DD0920844909
:10F4F0000870D0E086480088002807D10720FFF771
:10F5000026FA7F480078401C7D490870C3E07E4899
:10F5100000780007C00F08D079480078401C78496F
:10F52000087000207B49087017E07948008800289F
:10F5300013D107207249087076480078401C75493D
:10F54000087008460078032807DD03E057E057E01D
:10F5500010E003E009206A4908709CE06C480088CC
:10F56000002806D1FFF7F3F965480078401C64498C
:10F57000087090E06648008800283FD16248007813
:10F580002021884360490870084600780421884398
:10F590005D49087008464078042188435A494870FC
:10F5A0000846407808218843574948700846407803
:10F5B00040084000401C48700846007840218843BD
:10F5C0005149087008460078802188434E490870E8
:10F5D000FF20F530504908800020504908704D49FF
:10F5E00008704749087047480078401C4549087032
:10F5F00008460078FA2801DD002008704BE000BFC3
:10F6000043480088002845D1FFF7A1F93E4800781B
:10F610002021884320303C490870084600780421A6
:10F6200088433949087008464078042188433649A0
:10F630004870084640780821884333494870084696
:10F6400040784008400048700846007840218843D0
:10F650002D49087008460078802188432A4908709F
:10F66000FF20F5302C490880FF202D3027490880E5
:10F6700000202A490870274908702149087021484C
:10F680000078401C1F49087008460078FA2801DD00
:10F690000020087000BF00BF00BF4BE600201D49DE
:10F6A00008701E49087016490870FF20F530174988
:10F6B000088019490880FF202D301549088012481C
:10F6C000007820218843104908700846407840217E
:10F6D00088430D49487008460078402188430A490C
:10F6E000087008460078802188430749087008465A
:10F6F000407840084000401C4870084640780FE0C1
:10F70000CB010020D4000020A0000020A600002093
:10F71000A4000020CD010020A8000020CC01002082
:10F72000202188432030F9494870704710B5F748C8
:10F730004078C007C00F00D110BDF4484078800762
:10F74000C00F00D0F8E7F14800788006C00F00D065
:10F75000F2E7EE4840784006C00F00D0ECE7EC48F6
:10F760000088002800DDE7E7EA480078030006F09B
:10F7700031FD0F09163E57648693B5C9F2F0EFEEDE
:10F78000EDECEB00E4480088002807D10120FFF7EA
:10F79000DEF8E0480078401CDE4908707DE1DB4877
:10F7A00000780007C00F0BD00220FFF7D0F8D9482F
:10F7B0000078401CD74908700020D849087015E02F
:10F7C000D2484078C006C00F0AD0D0484078042103
:10F7D0008843001DCD4948700320CE49087005E0DC
:10F7E000CD480088002801D1CA49087055E1C748B2
:10F7F00000780007C00F0CD0C4484078042188432B
:10F80000001DC2494870C3480078401CC1490870B7
:10F8100005E0C1480088002801D1BE4908703CE1DC
:10F82000BD480088002807D10C20FFF790F8B948A0
:10F830000078401CB74908702FE1B44800780007F1
:10F84000C00F08D0B3480078401CB24908700020AF
:10F85000B249087012E0B048008800280ED1032099
:10F86000AC490870AD480078401CAC4908700846A7
:10F870000078032802DD0E20A64908700DE1A64895
:10F880000088002807D10B20FFF761F8A148007815
:10F89000401CA049087000E19C4800780007C00F98
:10F8A00008D09C480078401C9A49087000209B4969
:10F8B000087012E09848008800280ED1052095496C
:10F8C000087096480078401C9449087008460078F3
:10F8D000022802DD0E208F490870DEE08E48008885
:10F8E00000280ED18948407804218843001D8749AB
:10F8F00048700520FFF72BF886480078401C8549A2
:10F900000870CAE0814800780007C00F08D081481D
:10F910000078401C7F49087000208049087012E080
:10F920007D48008800280ED107207A4908707B485E
:10F930000078401C79490870084600780A2802DDE2
:10F940000E2074490870A8E08BE085E068E045E08F
:10F9500037E014E0FFE77048008800280ED16B48BC
:10F96000407804218843001D684948700920FEF74B
:10F97000EEFF68480078401C664908708DE06348D7
:10F9800000780007C00F08D062480078401C614929
:10F99000087000206149087012E05F480088002864
:10F9A0000ED109205B4908705C480078401C5B4917
:10F9B0000870084600780A2802DD0E2055490870B4
:10F9C0006BE055480088002807D10A20FEF7BFFFEA
:10F9D00050480078401C4F4908705EE04B48007862
:10F9E0000007C00F08D04B480078401C49490870F8
:10F9F00000204A49087012E04748008800280ED1CC
:10FA00000B204449087045480078401C4349087061
:10FA100008460078052802DD0D203E4908703CE0CC
:10FA20003A48407840084000384948700846007815
:10FA300004218843354908700846407804218843EA
:10FA400032494870002033490870354908703549FB
:10FA500008603549086020E0FDF771FDFFF71EFEE4
:10FA60001BE02A4840784008400028494870084672
:10FA7000007804218843254908700846407804210D
:10FA800088432249487000202249087024490870A0
:10FA9000244908602449086000BF00BF00BF4BE64E
:10FAA000FEB51A480078C006C00F00D1FEBD174849
:10FAB000007810218843154908701C4807880020E9
:10FAC0001A490880012F00DAF0E71948007803008E
:10FAD00006F080FB11F6F50F1011F41312F6F30E79
:10FAE0007E430A0B0C0DF60000BF00BF00BF00BF35
:10FAF00000BF00BF00BF00BF00BF002420E00D48D2
:10FB0000005D0D49095D884218D01BE0A00000206F
:10FB1000A8000020CC010020A4000020CD0100207E
:10FB2000CB010020BC000020C0000020C801002044
:10FB3000CA010020500F0020EB660100601CC4B217
:10FB4000032CDCD300BF032C06D1FD48007808212C
:10FB500088430830FA49087007E200252022002176
:10FB6000F848F3F795FE20220021F6482030F3F7FD
:10FB70008FFE04240BE0F448005D2C2800D108E03F
:10FB8000F148015D201FEF4A1154601CC4B2242CBF
:10FB9000F1DB00BF0025601CC4B200BF0DE0EA48E5
:10FBA000005D0D2800D10AE0E748015DE5482030FE
:10FBB0004155601CC4B2681CC5B2202DEFDB00BFEC
:10FBC000DF480078082188430830DD490870CCE11F
:10FBD00000252B2229466D1CDC4842546F22294601
:10FBE0006D1C42546B2229466D1C42543D2229460D
:10FBF0006D1C4254542229466D1C4254432229460E
:10FC00006D1C4254502229466D1C42542C22284619
:10FC1000691CCDB2CD490A5443222846691CCDB295
:10FC2000CA490A544C222846691CCDB2C7490A5415
:10FC300049222846691CCDB2C4490A5445222846A7
:10FC4000691CCDB2C1490A544E222846691CCDB266
:10FC5000BE490A5454222846691CCDB2BB490A54F5
:10FC60002C222846691CCDB2B8490A540F2506E05B
:10FC7000B548405D2C2800D103E0681CC5B2152DA5
:10FC8000F6DB00BF28460F38C6B2002409E0204644
:10FC90000F30AD49095C301B401E6A461154601C90
:10FCA000C4B2B442F3DB31466846FEF7B8FDA8495A
:10FCB0008880681CC5B22C460AE09CE0C6E00BE1D7
:10FCC00052E1A148005D2E2800D104E0601CC4B2BE
:10FCD000E81C8442F5DB00BF601BC6B2002408E0CC
:10FCE00028199949095C301B401E6A461154601C52
:10FCF000C4B2B442F4DB31466846FEF7A5FD944930
:10FD00000870A819C5B2681CC5B22C4606E08E481A
:10FD1000005D2E2800D104E0601CC4B2E81C8442BF
:10FD2000F5DB00BF601BC6B2002408E02819864935
:10FD3000095C301B401E6A461154601CC4B2B442B8
:10FD4000F4DB31466846FEF77FFD81494870A8190B
:10FD5000C5B2681CC5B22C4606E07B48005D2E2863
:10FD600000D104E0601CC4B2E81C8442F5DB00BF93
:10FD7000601BC6B2002408E028197349095C301BD7
:10FD8000401E6A461154601CC4B2B442F4DB3146D2
:10FD90006846FEF759FD6E498870A819C5B2681CFF
:10FDA000C5B22C4606E06848005D0D2800D104E08D
:10FDB000601CC4B2E81C8442F5DB00BF601BC6B205
:10FDC000002408E028196049095C301B401E6A467F
:10FDD0001154601CC4B2B442F4DB31466846FEF7ED
:10FDE00033FD5B49C87056480078082188430830C5
:10FDF00053490870B9E0002408E05348005D5549B4
:10FE0000095D884200D003E0601CC4B2062CF4D324
:10FE100000BF062C06D14A480078082188430830E4
:10FE200047490870464800780007C00F07D044488B
:10FE300000784021884340304149087005E040483F
:10FE40000078402188433E4908708EE0002408E095
:10FE50003D48005D4049095D884200D003E0601CD8
:10FE6000C4B2032CF4D300BF032C06D1344800786D
:10FE7000082188430830324908703148007800076B
:10FE8000C00F15D0002408E02F48005D3349095DFC
:10FE9000884200D003E0601CC4B2102CF4D300BF31
:10FEA000102C05D126480078082188432449087081
:10FEB000234800780007C00F07D021480078802130
:10FEC000884380301E49087005E01D480078802175
:10FED00088431B49087048E0002408E01A48005D88
:10FEE0001F49095D884200D003E0601CC4B2002CA9
:10FEF000F4D000BF012C06D11148007808218843B6
:10FF000008300F4908700E4800780007C00F16D15E
:10FF1000002408E00C48005D1249095D884200D0C9
:10FF200003E0601CC4B2042CF4D300BF042C06D13F
:10FF3000034840781021884310300149487014E08C
:10FF4000A00000207E090020500F00207C1000201F
:10FF500074090020EE660100EB660100FB660100FB
:10FF6000D7660100D866010000BF00BF00BF9DE555
:10FF700010B5FFF7DBFBFFF7D7F9FEF7D2FEFFF76F
:10FF80006DF8FFF78DFD10BD0020FE490870FE4999
:10FF90000870FE490870FF202D30FD490880FD489B
:10FFA0000078202188432030FA49087008464078BC
:10FFB00040218843F7494870084640780221884329
:10FFC000F44948700846007840218843F149087098
:10FFD0000846007880218843EE490870084640783A
:10FFE000202188432030EB49487070470020E549C4
:10FFF0000870E5490870E5490870C820E4490880A0
:020000040001F9
:10000000E448007820218843E24908700846407897
:10001000402188434030DF4948700846007840213D
:100020008843DC4908700846007880218843D94914
:10003000087008464078202188432030D549487010
:1000400070470020CF490870CF490870CF49087029
:10005000C820CF490880CF48407802218843801CBF
:10006000CC4948700846007820218843C949087067
:100070000846407840218843C649487008460078C1
:1000800040218843C349087008460078802188438E
:10009000C049087008464078202188432030BD4977
:1000A00048707047F8B507460D46002F70D1912073
:1000B000287045206870FF20A8701121E970802108
:1000C0002971022169710422B349A81DF3F7EAFBE3
:1000D0000422B149C91D28460A30F3F7E3FBAF4EAD
:1000E000002407E0317820460C30AA1C1154761CFD
:1000F000601CC4B2022CF5DB002406E0002120467F
:100100000E30AA1C1154601CC4B2022CF6DB002471
:1001100006E0002120461030AA1C1154601CC4B215
:10012000022CF6DB9D4E0C3E002407E03178204681
:100130001230AA1C1154761C601CC4B2032CF5DBCF
:10014000002406E0002120461530AA1C1154601C32
:10015000C4B2032CF6DB002406E000212046183050
:10016000AA1C1154601CC4B2032CF6DB8B4E1C3E3F
:10017000002407E0317820461B30AA1C1154761C5D
:10018000601CC4B2032CF5DB844E1C3E002408E046
:100190009FE0317820461E30AA1C1154761C601C4A
:1001A000C4B2032CF5DB002406E0002120462130F8
:1001B000AA1C1154601CC4B2032CF6DB002406E018
:1001C000002120462430AA1C1154601CC4B2032C08
:1001D000F6DB724E361D002407E0317820462730CA
:1001E000AA1C1154761C601CC4B2022CF5DB6B4EA9
:1001F000361D002407E0317820462930AA1C11540E
:10020000761C601CC4B2022CF5DB002406E0002141
:1002100020462B30AA1C1154601CC4B2022CF6DB01
:10022000002406E0002120462D30AA1C1154601C39
:10023000C4B2022CF6DB5A4E002407E03178204687
:100240002F30AA1C1154761C601CC4B2042CF5DBA0
:10025000534E361D002407E0317820463330AA1C67
:100260001154761C601CC4B2042CF5DB4C4E0836CD
:10027000002407E0317820463730AA1C1154761C40
:10028000601CC4B2042CF5DB454E0C36002407E09C
:10029000317820463B30AA1C1154761C601CC4B235
:1002A000042CF5DB3E4E1036002407E03178204662
:1002B0003F30AA1C1154761C601CC4B2042CF5DB20
:1002C0003848017845204155364841784620415507
:1002D0000BE0022F09D111202870042068708020C3
:1002E000A8708021E97029716971F8BD10B529489D
:1002F00000788006C00F0ED1264840788007C00FD6
:1003000009D1244840784006C00F04D121484078E4
:10031000C007C00F00D010BD1E4800784006C00FB7
:1003200003D01C480078C00900D1F4E71E480068DB
:10033000401C1D49086008460068B42869D900209F
:100340000860FDF724F91948407B40084000401C34
:10035000164948730620C8730846407B0E2188431F
:100360000A30124948730846C07A40084000401CD1
:10037000C8720846407B202188430C4948730846D0
:10038000C07A15E0CD010020CC010020CB01002077
:10039000A6000020A0000020550700204C0E0020E1
:1003A000800E002069000020C80000208F0B002074
:1003B00004218843B449C8720846C07A4021884362
:1003C0004030B149C8720846007B10218843103084
:1003D000AD4908730846407B402188434030AA4914
:1003E0004873AA48007804218843A8490870A8499E
:1003F0000220FFF757FEA7480068401CA549086087
:1004000008460068032803D900200860FFF719FE9A
:1004100081E7A1484078A04909784018C0B29E49B8
:100420008978884205D002239B4A9C49A020FCF78A
:10043000ADFA99480078002804D197484078002800
:1004400000D168E796480068401C95490860084656
:1004500000683C2854D30020086092480068401C83
:10046000904908608C4948780978000208438D4912
:100470000968884244D8FDF78AF88348407B4008E1
:100480004000401C804948730620C8730846407BE2
:100490000E2188430A307C4948730846C07A4008D8
:1004A0004000401CC8720846407B202188437649A2
:1004B00048730846C07A042188437349C8720846C5
:1004C000C07A4021884340306F49C8720846007B9B
:1004D0001021884310306C4908730846407B402146
:1004E000884369494873694800780421884367490B
:1004F000087067490020FFF7D5FD002069490860B2
:1005000000BF08E710B5614800788006C00F0ED123
:100510005E4840788007C00F09D15C4840784006AB
:10052000C00F04D159484078C007C00F00D010BD9B
:10053000564800784006C00F03D054480078C009E0
:1005400000D1F4E7514840788006C00F00D1EEE7B3
:100550004E484078202188434C494870FDF717F8F1
:100560004948407B40084000401C474948730620EA
:10057000C8730846407B0E2188430A3042494873BD
:100580000846C07A40084000401CC8720846407BBC
:10059000202188433C4948730846C07A0421884397
:1005A0003949C8720846C07A4021884340303649EC
:1005B000C8720846007B1021884310303249087306
:1005C0000846407B4021884340302F4948732F48DC
:1005D0000078042188432D4908702D490220FFF737
:1005E00061FD2D4948780978000208432D490860CB
:1005F00000BF9CE710B52C494878097800020843F1
:1006000000D110BD214800788006C00F09D11F48D5
:1006100040788007C00F04D11C4840784006C00FC6
:1006200000D0EEE7194800784006C00F03D0174805
:100630000078C00900D1E4E71C480068002813D006
:100640001A480068401E19490860084600680028DA
:100650000AD115494878097800020843134908600F
:10066000FCF76DFFFFF7EDFC00BFCAE7C206D20E34
:10067000012191400E4A11607047C206D20E01213D
:1006800091400C4A116070478F0B0020A0000020A1
:10069000B10A0020CC000020B4000020A4250000F6
:1006A000B8000020BC000020B0000020AC000020FA
:1006B00000E100E080E200E0FE49884202D1FE4A0B
:1006C000116004E0FD49884201D1FB4A1160704786
:1006D00006E0802100BF0A464B1ED9B2002AFAD19B
:1006E0000246401E002AF4D17047F548F54948609B
:1006F000704730B50446552C0AD1002506E0FFF7B7
:10070000F4FF6420FFF7E4FF681CC5B2142DF6DB8C
:10071000E848FFF7D1FFE848C06A10210843E649DE
:10072000C862552C03D16420FFF7D2FF04E0AA2C45
:1007300002D10120FFF7CCFF00BFDF488069102104
:100740000842FAD18320DC4948600120C861DB48B7
:10075000FFF7B2FF30BD00B5D648FFF7ADFF8120EF
:10076000D54948600020C86109208002C862D3488A
:10077000FFF7A2FF00BD00B5CE48FFF79DFFCE48B2
:10078000C06A10210843CC49C86200BFCA488069CA
:1007900010210842FAD18320C74948600120C8616E
:1007A000C648FFF789FF00BD10B5C248FFF784FFB8
:1007B000C5480068012149020843C34908600B206D
:1007C000C249086005204860242088600020086134
:1007D000C860BA48FFF770FF002001F083F910BD30
:1007E0000F210FE0B948406909231840092806D0B5
:1007F000002201E0501CC2B2FA2AFBDB00E003E059
:10080000481EC1B20029EDDC00BF002901D1012042
:1008100070470020FCE710B5A648FFF74DFFA6483B
:10082000006B01210843A4490863A448FFF744FF73
:10083000A748006807210843A549086003204860CD
:10084000800388600020C861012088610F2001F0CA
:1008500049F910BD10B500209E4988600861086004
:1008600008464068202108439A49486008460068C5
:1008700020210843974908609748806889150843F4
:10088000954988608B48FFF717FF93480068FF2160
:1008900001310843904908608848FFF70DFF8D48F3
:1008A00000680E2108438B490860142001F01AF9F2
:1008B00010BD002800D17047884909780170401C9C
:1008C000864949780170401C844989780170401C30
:1008D000824909790170401C804949790170401CA6
:1008E0007E4989790170401C00BFE4E710B57C485F
:1008F000C078C00900D010BD7948C07840084000D9
:100900007749C87001207349C86300BF7148C06B44
:10091000C007C00FFAD16F498969C8B2F3F74AF826
:100920006E4908706B49C969C8B2F3F743F86B495F
:1009300048706849096AC8B2F3F73CF8674988709B
:100940006449496AC8B2F3F735F8644908716149E6
:10095000896AC8B2F3F72EF8604948715D49C96ADF
:10096000C8B2F3F727F85D4988715A49096BC8B2D4
:10097000F3F720F85949C8700846C078072801D114
:100980000020C8705548807920280EDB53488079B4
:100990000007000F092803DC50488079992801DD01
:1009A000012000E00020002806D04D48C078400813
:1009B0004000401C4A49C87000BF9CE770B5002544
:1009C00064243C48FFF778FE00204249403108602B
:1009D00044490879F2F7E5FF05463E48456241493A
:1009E0004879F2F7DEFF3B4988623E498879F2F7A1
:1009F000D8FF3849C8623B49C878F2F7D2FF354979
:100A000008632E48FFF758FE012032494031086044
:100A10000AE06420FFF75CFEFFF767FE601EC4B2C9
:100A2000002C01D1AA2070BD2A4840300068C007C0
:100A3000C00FEED15520F6E710B51E48FFF73CFE7B
:100A400000202449403108602648C078002802D19F
:100A500007202449C87023490879F2F7A2FF1D49ED
:100A6000486220494879F2F79CFF1A4988621D497B
:100A70008879F2F796FF1749C8621A49C878F2F7E1
:100A800090FF1449086317490878F2F78AFF114963
:100A9000886114494878F2F784FF0E49C86111490A
:100AA0008878F2F77EFF0B4908620448FFF704FEDE
:100AB000012019E05AA5000000F00040A55A0000EE
:100AC0003FAA0000000001400014014000F4004073
:100AD0000010004000C00040001201401F00002034
:100AE00029000020D3010020FE494031086010BDDC
:100AF00010B5C824FC48FFF7DFFD0020F94940315C
:100B00000860FA490878F2F74CFFF6498861F7491E
:100B10004878F2F746FFF349C861F4498878F2F75C
:100B200040FFF0490862F1490879F2F73AFFED49D0
:100B30004862EE494879F2F734FFEA498862EB49A6
:100B40008879F2F72EFFE749C862E948FFF7B4FD5C
:100B50000120E449403108600AE06420FFF7B8FD55
:100B6000FFF7C3FD601EC4B2002C01D1AA2010BD46
:100B7000DC4840300068C007C00FEED15520F6E7D2
:100B80000246062930D110780007000F092802DC40
:100B90001078592801DD012000E00020002821D133
:100BA00050182038C07E0007000F092804DC5018B8
:100BB0002038C07E592801DD012000E000200028F7
:100BC00010D150182038007F0007000F092804DCDE
:100BD00050182038007F232801DD012000E000208C
:100BE00000282FD00120704705291FD11078000759
:100BF000000F092802DC1078592801DD012000E0EF
:100C00000020002810D150182038007F0007000F66
:100C1000092804DC50182038007F232801DD01203A
:100C200000E0002000280DD00120DCE7042909D1D4
:100C30001078062801DD012000E00020002801D006
:100C40000120D0E750182038407F0007000F092806
:100C500009DC50182038407F312804DC5018203837
:100C6000407F002801D1012000E00020002826D18B
:100C700050182038807F0007000F092809DC501821
:100C80002038807F122804DC50182038807F00280C
:100C900001D1012000E00020002810D15018203898
:100CA000C07F0007000F092804DC50182038C07FDF
:100CB000992801DD012000E00020002801D001205A
:100CC00091E700208FE70146002900D1704789484D
:100CD00080790A79904245DC864880790A79904289
:100CE00004D184484079CA7890423BDC81488079BD
:100CF0000A79904209D17F484079CA78904204D15C
:100D00007C4800798A7890422CDC7A4880790A798C
:100D100090420ED177484079CA78904209D17548FF
:100D200000798A78904204D1724880784A7890425B
:100D300018DC704880790A79904215D16D48407965
:100D4000CA78904210D16B4800798A7890420BD1D2
:100D5000684880784A78904206D1664840780A7898
:100D6000904201DB0120B1E70020AFE710B5642419
:100D70005D48FFF7A1FC00205A49403108605B49FB
:100D80000878F2F70EFE5749886158494878F2F71B
:100D900008FE5449C86155498878F2F702FE514966
:100DA00008625348FFF788FC01204E494031086033
:100DB0000AE06420FFF78CFCFFF797FC601EC4B2CA
:100DC000002C01D1AA2010BD464840300068C00761
:100DD000C00FEED15520F6E710B503204649086054
:100DE000082048600020C86002208860132000F0BE
:100DF00079FE10BD3B4A4032926B11B23E4A1269F5
:100E000010B2421A10B2704700B53C480078401C3E
:100E1000C0B23A4908700A2801DB00200870FFF7C9
:100E2000E9FF364909784900354A505200BD01466C
:100E3000F0220A4010464010821010180A07120FC4
:100E40001218D0B2704730B504460D46002305E0B5
:100E5000605DFFF7ECFFC31864204343681EC0B217
:100E60000500F5D12078FFF7E2FFC318184630BD22
:100E700070B5244BDC430022002113E04800204ED3
:100E8000305E984201DA4800335E48001C4E305E06
:100E9000A04201DD4800345E4800194E305E8218E1
:100EA000481CC1B20A29E9DB121BD21A1046D61718
:100EB000760F3618F61035B2284670BD70B500248E
:100EC000002106E08D00104EAD196D682C194D1CE7
:100ED000E9B20E29F6DB0C4DED6BA5427ED1014D3A
:100EE000403513E000C000405AA50000D3010020A7
:100EF000A55A00001F00002000E00040E301002090
:100F0000FE100020FF7F0000000104002D69FD4E4F
:100F100076687606760EB54205D0FA4D6D686D0698
:100F20006D0EF94E3561F84D6D69F64EB668B6B284
:100F3000B54204D0F34DAD68ADB2F34E7561F24DDC
:100F4000AD69F04EF6687606760EB54205D0ED4DE9
:100F5000ED686D066D0EEC4EB561EB4DED69E94E39
:100F60003669B6B2B54204D0E64D2D69ADB2E64E53
:100F7000F561E54D2D6AE34E76697606760EB5424B
:100F800005D0E04D6D696D066D0EDF4E3562DE4DAC
:100F90006D6ADC4EB669B6B2B54204D0D94DAD69C2
:100FA000ADB2D94E7562D84DAD6AD64EF6697606A9
:100FB000760EB54205D0D34DED696D066D0ED24E5D
:100FC000B562D14DED6ACF4E366AB6B2B54204D0A5
:100FD000CC4D2D6AADB2CC4EF56200E04EE0CA4D6C
:100FE0002D6BC84E766A7606760EB54205D0C54D95
:100FF0006D6A6D066D0EC44E3563C34D6D6BC14E8B
:10100000B66AB6B2B54204D0BE4DAD6AADB2BE4E00
:101010007563BD4DAD6BBB4EF66AB6B2B54204D03A
:10102000B84DED6AADB2B84EB563B74DED6BB54E88
:10103000366BB6B2B54204D0B24D2D6BADB2B24EE6
:10104000F563B14D40352D68AE4E766BB6B2B54204
:1010500005D0AC4D6D6BADB2AB4E40363560AA4D90
:1010600040356D68A74EB66BB6B2B54205D0A54DFA
:10107000AD6BADB2A44E40367560A1E0A24D2D69B6
:10108000A24E3688B54203D0A04D2D889E4E3561C4
:101090009D4D6D699D4E7688B54203D09B4D6D8800
:1010A000994E7561984DAD69984EB688B54203D09A
:1010B000964DAD88944EB561934DED69934EF6888B
:1010C000B54203D0914DED888F4EF5618E4D2D6A5E
:1010D0008E4E3689B54203D08C4D2D898A4E3562AD
:1010E000894D6D6A894E7689B54203D0874D6D89E9
:1010F000854E7562844DAD6A844EB689B54203D083
:10110000824DAD89804EB5627F4DED6A7F4EF68986
:10111000B54203D07D4DED897B4EF5627A4D2D6B46
:101120007A4E368AB54203D0784D2D8A764E356395
:10113000754D6D6B754E768AB54203D0734D6D8AD1
:10114000714E75636F4DE86A6E4D40351E22AA5E82
:101150001C23EB5E6E4DA84202D96E4DA8420CD303
:101160007D252D01AA4208DB694DAA4205DC6A4DA6
:10117000AB4202DB694DAB4200DD0020624DAD6B3E
:10118000854201D0604DA8635F4DED6B644EB54262
:1011900002D035465C4EF5635B4D40352D68614E9F
:1011A000B54203D03546584E40363560564D403531
:1011B0006D685D4EB54203D03546534E403675607E
:1011C00070BD30B505465948FFF776FA5848594979
:1011D000886359485749403108610220554948639E
:1011E000FF204849086000BF5248406B0421084274
:1011F000FAD100204F4948631420FFF769FA012013
:101200004C49486300240DE0A0002858A1003D4A45
:101210008918486000BF4748406B04210842FAD152
:10122000601CC4B20F2CEFDB4148C04341498863C6
:101230004148C0433F494031086100203D4948636F
:101240003E48FFF739FA30BDF1B5C8B003214898E0
:10125000FFF7F9FD01B222914898C0788021084239
:1012600003D02298404201B2229135492298884207
:1012700003DB49422298884202DD012049B0F0BDDB
:10128000FFF7F6FD20A90880002613E020A8002122
:10129000415EB0002B4A105E814209DC20A800218B
:1012A000415E7000401C4000105E814200DB03E0A4
:1012B000701CC6B2032EE9DB00BF134800690004AE
:1012C00011494969084323900F48806901040E4879
:1012D000C069014324910C48006A01040A48406A2D
:1012E000014325910848806A01040748C06A014308
:1012F00026910548006B01040348406B0143279188
:10130000002632E00001040040C0004020680100D7
:10131000B80B000048F40000A8E4FFFF18FCFFFF32
:101320007760000088230000882600005AA500008E
:10133000687A000000F0004098F90000A55A00000B
:10134000D08AFFFF34680100B00023A908580121AA
:101350008905084207D0B00023A90858FE49084370
:10136000B10023AA5050701CC6B2052EECDB2798A2
:10137000C517044620AA0020105EC11727463A462A
:101380002B4644954591469004F06FFA04460D466D
:101390002A04200C10432D1404462699C8170C1952
:1013A000454120AA0020105EC11722462B464095D9
:1013B00041944291439004F058FA04460D462A04A1
:1013C000200C10432D1404462598C11704194D41D3
:1013D00020AA0020105EC11722462B463C953D9462
:1013E0003E913F9004F041FA04460D462A04200C39
:1013F00010432D1404462498C11704194D4120AA06
:101400000020105EC11722462B46389539943A9138
:101410003B9004F02AFA04460D462A04200C10439F
:101420002D1404462398C21701460C19554128462D
:101430000021A41C48410546AA07A0081043AD108E
:1014400004462046294604F0F3FC00228123DB05F4
:101450000B910A9004F04AFC0022C04B0D910C90B5
:1014600004F02AFB1F911E90229804F0BFFC00227A
:10147000BB4B0D910C9004F039FC1D911C90002089
:10148000B8491D9B1C9A04F0BAFB0D910C901D9B52
:101490001C9A1F991E9804F0C1FB0B910A900D9B9A
:1014A0000C9A04F023FC1F911E90379803287CD1DE
:1014B00020A900228A5E0423CB5ED01A04F096FC99
:1014C0000D910C9020A900228A5E0423CB5ED018D7
:1014D00004F08CFC0B910A900D9B0C9A04F09EFB7F
:1014E0001591149020AA0221515E0423D35EC81ADC
:1014F00004F07CFC0D910C9020A902228A5E04234A
:10150000CB5ED01804F072FC0B910A900D9B0C9AE4
:1015100004F084FB1391129020A900228A5E042318
:10152000CB5ED01A04F062FC1191109020AA022127
:10153000515E0423D35EC81A04F058FC0F910E903C
:10154000119B109A1399129804F068FB1391129052
:101550000F9B0E9A1399129804F0C8FB13911290E6
:10156000139B129A1599149804F049FB1391129049
:10157000139B129A1F991E9804F0B8FB1B911A90A6
:101580001B9A1A99099208910846159B149A099971
:1015900004F044FB0B910A901F9B1E9A04F035FB4C
:1015A0000D910C90119B109A00E088E004F09EFBD6
:1015B0001991189020A90020085E04F017FC0991E9
:1015C0000890199A1899079206910A46079B09995B
:1015D00004F024FB0D910C9020A90020085E04F07B
:1015E00005FC0791069020A90020085E04F0FEFB90
:1015F000039102901B9A1A99019200910A46019B4D
:10160000039904F00BFB05910490079B069A04F0E4
:1016100005FB099108901F9B1E9A04F0F6FA0B91A6
:101620000A900D9B0C9A04F0EAFA179116901B9AF7
:101630001A980792069000224B4B079904F0EEFA95
:1016400000224A4B0991089004F0E8FA0022484B26
:101650000B910A9004F0E2FA0022454B0D910C9098
:1016600004F0DCFA1B911A90199A189909920891C2
:1016700000223D4B0846099904F0D0FA00223B4B6A
:101680000B910A9004F0CAFA0022394B0D910C908C
:1016900004F0C4FA19911890179A16990B920A91AE
:1016A0000022314B08460B9904F0B8FA00222F4B68
:1016B0000D910C9004F0B2FA179116907CE03798D7
:1016C000022865D120A90A5E0023CB5ED01A04F05F
:1016D0008DFB0F910E900122D2071F994A401E9850
:1016E0000D920C900DA90EC904F000FB19911890F1
:1016F00020A90220085E04F079FB0D910C900122D4
:10170000D20719994A4018980B920A900BA90EC952
:1017100004F084FA1791169000201A901B90199AE1
:1017200018980992089000220F4B099904F076FA54
:1017300000220E4B0B910A9004F070FA00220C4B21
:101740000D910C9004F06AFA19911890179A169955
:101750000B920A9100220DE0000080FF0000E040A3
:1017600000408F400018F54000006040000030400D
:101770000000F040DF4B08460B9904F04FFA0022BE
:10178000DD4B0D910C9004F049FA1791169013E07F
:1017900000201A901B900021189119910022D54B1E
:1017A0001F991E9804F03AFA0022D34B0D910C9029
:1017B00004F034FA17911690179A169908460D926C
:1017C0000C91114604F060FB239940182390199A5C
:1017D000189908460D920C91114604F055FB249976
:1017E000401824901B9A1A9908460D920C911146A4
:1017F00004F04AFB25994018259023984002400E9A
:101800002890239880B2299024984002400E2A9074
:10181000249880B22B9025984002400E2C90259859
:1018200080B22D9026984002400E2E90269880B2CD
:101830002F9027984002410E3091279881B2319124
:10184000AE48816B3291C16B3391AC484030016836
:1018500034914168359100213691002607E0B100AE
:1018600028AA5158369841183691701CC6B20E2ECF
:10187000F5DB28A8FFF7A5FC0020FFE40020A04925
:101880000861704700BFBFF34F8F9E489E49C860F4
:10189000BFF34F8F00BF00BFFEE770B500209B492C
:1018A000C8609B4904F028F898494869984904F0B1
:1018B00023F8974804F016F80121C90388421DD384
:1018C000934804F00FF8934948430446904904F0C4
:1018D00013F88F4804F006F805468F4903F09BFF84
:1018E00004468B4904F008F8894803F0FBFF8B4954
:1018F000441A8749204603F0FFFF1CE0844803F0A8
:10190000F1FF844948430446814903F0F5FF8048CC
:1019100003F0E8FF0546804903F07DFF04467C495B
:1019200003F0EAFF7A4803F0DDFF7C494418784968
:10193000204603F0E1FF764803F0D4FF05460A2174
:1019400003F069FF0446724903F0D6FF704803F0C4
:10195000C9FF0446F2F75CF881B271488172090A46
:10196000C1726B4803F0BEFFFF212D31884207D2C0
:101970006C48407840084000401C6A49487005E0C7
:1019800068484078400840006649487070BD0020B3
:101990005A4940398860704710B500206249C861D3
:1019A00062480078401C61490870084600783C286D
:1019B00001DD002008705E480078401C5C4908701A
:1019C00008460078312806DD0020087001205949BA
:1019D00008705949087059480078401C57490870E8
:1019E00008460078632813DD002008700120544960
:1019F00008704C484078202188434A494978890634
:101A0000C90FC94349012022114008434549487084
:101A10004C48C07A4006C00F04D04A48007C401CA5
:101A2000484908744848C07A4006C00F04D0464868
:101A3000007C401C44490874F2F772FF01F0E0F8A2
:101A400042480078002804DD40480078401E3F49A5
:101A500008703F480088002804DD3D480088401E8B
:101A60003B4908803B480088002804DD394800884D
:101A7000401E384908803848008800280EDD364866
:101A80000088401E3449088008460088002805D197
:101A90003248007804218843304908703048008873
:101AA00000280FDD2E480088401E2D49088008467A
:101AB0000088002806D1294800781021884310307A
:101AC0002649087010BD10B526480078401C2549ED
:101AD000087008460078022803DB00200870F2F73F
:101AE00073FE10BDC206D20E012191401E4A116044
:101AF00070470000000060400000304040C00040DF
:101B000000F400400400FA0500ED00E000E00040B1
:101B1000DF01002019190000A0860100380800002C
:101B20004C0E00202900002000100040DE010020A3
:101B3000DC010020CF0100207E010020DD0100201B
:101B4000D00100209E0A00208F0B002043000020BF
:101B5000A6000020A8000020A4000020A000002073
:101B6000A2000020CE01002000E100E0F0B585B029
:101B700002460024002002901346FE480078022608
:101B8000B043FC4E30701006000E52D0002A03D035
:101B90000520000282420DD301200004824202D9B6
:101BA000F548824206D30120400482421BD9F34803
:101BB000824218D2D0B20D280BD2120C120401208E
:101BC0000243EC4800780226B043801CE94E307096
:101BD00009E0D0B2FF2803D1120C1204024302E044
:101BE000002005B0F0BDFF200002824202D9E44887
:101BF00082420DD3E348824203D9E2481F30824239
:101C000006D3E148824214D9DF480D30824210D217
:101C1000D0B21F280BD2120A120201200243D5486B
:101C200000780226B043801CD24E307001E00020C4
:101C3000D7E7D648824205D9D4480930824201D23A
:101C4000D24A521CD248824205D9D1480930824238
:101C500001D2CF4A521CCF48824205D9CD48FF302D
:101C6000824201D2CB4A521CCB48824205D9CA4893
:101C70006430824201D2C84A521C0020049087205E
:101C8000039000241EE0049F039EF019C60F36182F
:101C9000F605360E0296029884420FD0029C20016F
:101CA000BE4E3058904200D10DE02001BB4E30585E
:101CB000904201D2049405E0039403E08724601E5F
:101CC000C4B200E0DFE700BF2001B44E8019007904
:101CD00000287DDD2001801900790870200180191D
:101CE000407948702001801980798870200180191E
:101CF000C079C87020018019007A0871200180190C
:101D0000807A887120018019407A487120018019F9
:101D1000C0688860974800788007C00F3BD0D8B271
:101D200001900198002836D088799D4E305C401C87
:101D3000019EB04209DA0E790198301A8E79984FD7
:101D4000BE5D8019401CC5B206E08879944E305CB7
:101D5000401C019E801BC5B21804000E0090009824
:101D6000FF2813D088480D30834209D24878684351
:101D70000E78009F7E4380198E68801988600AE083
:101D8000487868438E683018886004E04878684373
:101D90008E68301888607D48834203D97B480930BB
:101DA00083421DD37A48834203D97948093083425C
:101DB00016D37848834203D97648FF3083420FD345
:101DC0007548834203D974486430834208D300E0E5
:101DD00029E0744883420DD972486430834209D2A5
:101DE000D8B200900098401E0E78761C70438E6822
:101DF000801988606848834203D967486430834209
:101E000006D3684883420CD966486430834208D2BE
:101E1000D8B200900098401E0E7870438E688019EA
:101E200088600120DDE60020DBE6F0B585B00246E3
:101E300000230020029014462004000E0190D0B22E
:101E40003D2823D3584810404D4EF736B0421DD39D
:101E500056481040554EFC3EB04217D354481040EF
:101E6000534EFC3EB04211D352481040514EFC3EFE
:101E7000B0420BD3504810404F4EC03EB04205D345
:101E80004E4810404D4EFC3EB04210D201980B28F7
:101E900005D30198FF2802D00198102804D1120A16
:101EA00012020120024313E0002005B0F0BD4448B7
:101EB0001040434EB04209D20198032804D2120ABE
:101EC00012020120024303E00020EEE70020ECE7CD
:101ED000002004902F200390002320E0049F039E05
:101EE000F019C60F3618F603360C02960298834294
:101EF00011D0029B14205843324E3058904200D1EA
:101F00000EE0142058432F4E3058904201D20493D3
:101F100005E0039303E02F23581E83B200E0DDE7C2
:101F200000BF14205843274E8019406800287CD0F9
:101F300014205843801900790870142058438019E0
:101F4000007A4870022088700720C8701420584317
:101F50008019007B0871142058438019407B8871D8
:101F60000020487114205843801900698860FF20C0
:101F7000000229E029000020000501000005020000
:101F80000DFF000000FF010000FF0200000001043F
:101F90000000020400000304000104044068010082
:101FA0003C02002000020404FF000100FF000200C8
:101FB000FF000300FF000500FF000600FF00070010
:101FC000FF000400B07001002040FF263602B0423E
:101FD0000AD1000220400126B604B04202D10E20F0
:101FE000C87001E00D20C870E5B28879FC4E305C05
:101FF000401CA84209DA0879401B8E79F84FBE5D73
:102000008019401CC0B2009006E08879F44E305C24
:10201000401C401BC0B2009048788F68009E7043FF
:1020200038188860012040E7FFE700203DE7F7B55A
:1020300084B00346002200200190EA48007802267E
:10204000B043E84E30700698002826D11C4623463F
:10205000E54E34702004000E70702002000EB07047
:10206000200EF0703046C078032817D13046007833
:10207000002813DD304600780D280FDA30468078CE
:1020800010280BD11B0A1B0201200343D5480078FE
:102090000226B043801CD34E3070ABE1D248C078EA
:1020A000032813D1D048007800280FDDCE480078EF
:1020B0000B280BDA1B0A1B0201200343C9480078D6
:1020C0000226B043801CC74E307093E1C648C078EA
:1020D0000F28E2DDC448C0782028DEDAC2488078C4
:1020E000002877D0C04840780028FAD0BE48407811
:1020F000FF2813D1BC4800780B280FDABA480078C3
:1021000000280BDD1B0A1B0201200343B5480078A1
:102110000226B043801CB34E30706BE1B248C078E9
:10212000102803D1B048407836283FDBAE48C0784D
:10213000112803D1AC484078362837DBAA48C0784C
:10214000122803D1A848407836282FDBA648C0784B
:10215000132803D1A4484078362827DBA248C0784A
:10216000182803D1A048407832281FDB9E48C07849
:10217000192803D19C484078322817DB9A48C07848
:102180001A2803D19848407832280FDB9648C07847
:102190001B2803D194484078232807DB9248C07855
:1021A0001C282ED19048407823282ADA8E480078BF
:1021B0000B2810DA8C48007800280CDD1B0A1B0263
:1021C0008A480343874800780226B043801C854E26
:1021D00030700FE117E084480078FF280ED1060226
:1021E0001846B0430346FF20013003437D48007882
:1021F0000226B043801C7B4E3070FBE0002007B00D
:10220000F0BD0020FBE778488078002868D0764849
:102210004078FF2813D1744800780B280FDA7248F1
:10222000007800280BDD1B0A1B02012003436D48C8
:1022300000780226B043801C6A4E3070DAE06A48AB
:10224000C0781F2803D1684840780B281FDB6648F8
:10225000C078142803D164484078232817DB6248EB
:10226000C078152803D16048407823280FDB5E48EA
:10227000C078162803D15C484078242807DB5A48E8
:10228000C0781728A5D1584840782428A1DA5648A4
:1022900000780B280FDA5448007800280BDD1B0A61
:1022A0001B02524803434F4800780226B043801C6B
:1022B0004C4E30709EE04C480078FF280ED106024C
:1022C0001846B0430346FF200130034345480078D9
:1022D0000226B043801C434E30708BE000208EE716
:1022E0004148807800281AD13F484078002816D00D
:1022F0003D484078FF2813D13B4800780B280FDA7F
:102300003948007800280BDD1B0A1B02012003431B
:10231000344800780226B043801C324E307069E0A9
:102320003148C0781D2803D12F48407809282FDB79
:102330002D48C0781E2803D12B484078092827DB78
:102340002948C0781F2803D1274840780B281FDB75
:102350002548C078142803D123484078232817DB68
:102360002148C078152803D11F48407823280FDB67
:102370001D48C078162803D11B484078242807DB65
:102380001948C078172835D117484078242831DA01
:10239000154800780B280FDA1348007800280BDD69
:1023A0001B0A1B02114803430E4800780226B04363
:1023B000801C0C4E30701DE00B480078FF2817D1B0
:1023C00006021846B0430346FF2001300343054888
:1023D00000780226B043801C024E30700AE00000F4
:1023E0003C02002029000020E401002001FF000041
:1023F000002004E70020039016200290002220E035
:10240000039F029EF019C60F3618F603360C01968C
:102410000198824211D0019A14205043FD4E305849
:10242000984200D10EE014205043FA4E30589842A2
:1024300001D2039205E0029203E01622501E82B2FE
:1024400000E0DDE700BF14205043F24E80194068E1
:1024500000284ED0142050438019007908701420B1
:1024600050438019007A4870022088702920C87073
:10247000142050438019007B0871142050438019A8
:10248000407B8871002048711420504380190069F6
:102490008860E1480078FF2801D10F20C870DF482C
:1024A00000788007C00F22D0DB480578FF2D01D1CE
:1024B000012516E08879DA4E305C401CA84209DA22
:1024C0000879401B8E79D64FBE5D8019401CC0B282
:1024D000009006E08879D24E305C401C401BC0B2B0
:1024E000009048788F68009E7043381888600120FB
:1024F00085E6002083E6FFB5024600230020019018
:102500001546C64800780226B043C44E3070C54E0A
:1025100035702804000E70702802000EB070280E6E
:10252000F07030460078002816D0304600780D282C
:102530007FDA30464078FF280FD1304680780B286C
:102540000BDA120A120201200243B4480078022674
:10255000B043801CB14E307075E0B2484078052819
:102560000FDAB04880780C280BDA120C1204012024
:102570000243AA4800780226B043801CA74E307060
:1025800061E0A8484078052808DAA64880780E2837
:1025900004DA120C12040120024354E0A1488078AE
:1025A0001F281ADA9F488078142816DD120A1202B2
:1025B00001200243994800780226B043801C974EC0
:1025C0003070120A120201200243304600780226BF
:1025D000B043801C914E307035E0924880783328AB
:1025E0000FDA9048807828280BDD120A12020120A9
:1025F00002438A4800780226B043801C874E307020
:1026000021E088488078472810DA864880783C287E
:102610000CDD120A120201200243804800780226D3
:10262000B043801C7D4E30700DE002E0002004B00D
:10263000F0BD7C480078FF2803D1120C120402433D
:1026400001E00020F3E70020039012200290002315
:1026500020E0039F029EF019C60F3618F603360CD1
:1026600001960198834211D0019B142058436E4E6D
:102670003058904200D10EE0142058436A4E305832
:10268000904201D2039305E0029303E01223581E07
:1026900083B200E0DDE700BF14205843624E80198A
:1026A000406800287ED014205843801900790870B3
:1026B000142058438019007A487002208870042042
:1026C000C870142058438019007B087114205843A7
:1026D0008019407B8871002048711420584380196C
:1026E000006988604F48C07800282CD14D48007898
:1026F000002804D12B20C8701220487143E04948BB
:102700000078FF2818D12C20C870464880780B2804
:1027100039DA44484078052835DA4878414E7678E9
:10272000B700F619801948703E4E7678B700F61952
:1027300088688019886026E03A480078002822D00E
:102740002A20C8701FE03748C07801281BD1142008
:10275000487134480078FF2815D12C20C8703148C2
:1027600080780B280FDA2F48407805280BDA487854
:102770002C4E7678F600801948702A4E7678F6004E
:10278000886880198860254800788007C00F6ED05F
:10279000E8B200908879224E365C761C009886421A
:1027A0000BDA00E065E00E790098301A8E791C4F44
:1027B000BE5D8019401CC4B206E08879184E305CBA
:1027C000401C009E801BC4B216484078FF2849D0A8
:1027D000144880780C280EDA1248407805280ADA66
:1027E00010484678087846434878604330188E6829
:1027F000801988603BE00B4880781F2816DA09486A
:102800008078142812DD487860438E68301888601C
:102810002DE000005C740100E4010020290000208C
:102820003C020020E8010020147601001248807864
:10283000332809DA10488078282805DD4878604375
:102840008E683018886012E00B48807847280EDACE
:10285000094880783C280ADD487860438E68301843
:10286000886004E0487860438E68301888600120F2
:10287000DDE60020DBE60000E8010020002101E0A9
:102880004A1C91B28142FBDB704710B5034600241D
:1028900005E0FF207D30FFF7F1FF601C84B29C4211
:1028A000F7DB10BD10B50446FE48FDF705FFFE48F6
:1028B0000068FE490840FC490860FD48FDF7FCFE41
:1028C000F9480069F94908310840F74908610846A4
:1028D0000069F649091D0840F34908610846806807
:1028E0000C210843F0498860002C0ED10722F149E1
:1028F000F148F0F7D7FF0020F04908704870F04920
:1029000008704870EF49087005E01B20EA4908701C
:1029100048708870C8700123EA4AEB49A020F8F794
:1029200095FF0721E448F1F77FF9E349C8710823CF
:102930000A46E549891CA020F8F788FF10BD10B5AC
:102940000721DD48F1F770F9DB49C979884206D0E3
:102950000823D94ADC49891CA020F8F73BFF10BDA9
:1029600010B50020D94908704870D948007840084F
:102970004000D74908700846007802218843D449AE
:102980000870CE48007810218843CC49087008466A
:10299000007820218843C949087008460078402102
:1029A0008843C64908700846007880218843C34997
:1029B0000870084640784008400048700846407853
:1029C00002218843BD494870084640780421884365
:1029D000BA4948700846407808218843B74948708A
:1029E00014220021BB48F0F753FF0123B54AB64932
:1029F000A020F8F7EFFE0020B04908704870B049F9
:102A000008704870AD48007840084000AD4909782A
:102A10000907C90F0843A949087008460078022130
:102A20008843A8490978C906C90F49000222114004
:102A30000843A24908700846007804218843A14948
:102A400009788906C90F89000422114008439B496F
:102A5000087008460078082188439A490978490691
:102A6000C90FC900082211400843944908709248D0
:102A700000793A2807D192484078802188438030F5
:102A80008F49487005E08E484078802188438C4902
:102A9000487010BD10B50446834880680C21084377
:102AA00081498860084600698049083108407E49AC
:102AB000086100BF00BF00BF00BF00BF00BF7A4871
:102AC000006908210843784908610C20814908728F
:102AD0007C4800780007C00F27D07A48007808218A
:102AE0008843784908707548007840084000734969
:102AF00008707948007810218843704909780901E5
:102B00001022114008437449087001236D4A6E4930
:102B1000A020F8F79BFE01207049087070480078EB
:102B200040084000401C6E49087010BD10B50446B6
:102B30005D4880680C2108435B498860084600694D
:102B4000042108435849086100BF00BF00BF00BF0F
:102B500000BF00BF544800695449091D084052494C
:102B600008610C205B490872564800780007C00FC6
:102B700029D1544800780821884308305149087009
:102B80004E48007840084000401C4C4908705248AC
:102B90000078102188434949097809011022114021
:102BA00008434D4908700123464A4749A020F8F7D9
:102BB0004DFE01204949087049480078400840000E
:102BC000401C4749087010BD10B50446012C04D1C3
:102BD0004048007A002800DD10BD2046FFF75AFF6C
:102BE00000BFF9E710B50446012C04D13948007A3A
:102BF000002800DD10BD2046FFF798FF00BFF9E771
:102C00003448007A002804DD3248007A401E3149F9
:102C100008723048007A002818D12E4908722248DC
:102C200080680C21084320498860084600691F49D4
:102C3000083108401C49086100BF00BF00BF1A48A6
:102C400000691A49091D084017490861704710B505
:102C50002448407802218843224948700846407839
:102C6000082188431F4948700846407880218843DE
:102C70001C4948701C4800780007C00F48D01B480A
:102C80000078AA2844D00F4800780007C00F2FD141
:102C90000A48007840084000084908700120FFF702
:102CA000F9FE2FE05AA5000000130140F3FF0000D9
:102CB000A55A00007F770100E1000020D500002028
:102CC000D7000020D900002013150000DB000020F1
:102CD000DD0000201211002073010020940000206C
:102CE0003A02002069000020DA000020D201002012
:102CF000FE48007840084000401CFC490870012054
:102D0000FFF714FFFA48007808218843F849087053
:102D1000F648407810218843F4494870F548007916
:102D20003A281AD1F4484078802188438030F2490B
:102D30004870F24800780007C00F78D0F048C0789B
:102D4000C00906D10920EF4908700121084601F0A9
:102D5000DDFF0120FFF738FF69E0E5480078C00794
:102D6000C00F1AD0E448407802218843801CE24911
:102D70004870E24800780007C00F58D1E048C0789A
:102D8000C00906D10220DF4908700121084601F080
:102D9000BDFF0120FFF726FF49E0D64800781A283A
:102DA0001AD1D5484078082188430830D249487064
:102DB000D24800780007C00F39D1D148C078C00987
:102DC00006D10520CF4908700121084601F09EFF79
:102DD0000120FFF707FF2AE0C84800788007C00FEE
:102DE00013D0C64800780007C00F20D1C448C0786F
:102DF000C00906D10120C34908700121084601F02D
:102E000085FF0120FFF7EEFE11E0BC4800780007C7
:102E1000C00F0CD0BA48C078C00905D1B9490870B4
:102E20000021012001F072FF0120FFF7CDFEB6481E
:102E3000407810218843B54949780906C90F09012E
:102E4000102211400843B0494870AB484078400810
:102E500040000978C906C90F0843A74948700846C9
:102E6000007810218843A8490978C906C90F0901CB
:102E700011400843A049087010BD10B59F48007864
:102E80004007C00F17D1A14840788007C00F12D06B
:102E90009E484078022188439C49487097480078B2
:102EA00004218843001D9549087001230A4698496A
:102EB000A020F8F7CBFC8E480078C007C00F08D0E0
:102EC0008B480078400840008949087000209149EB
:102ED000087010BD10B58D4840788007C00F29D00C
:102EE0008D48007E401C8C4908760846007E3C28B0
:102EF00023DD824800784007C00F17D1834840780F
:102F00008007C00F12D081484078022188437F4952
:102F100048707A48007804218843001D774908707A
:102F200001230A467A49A020F8F790FC00207A494C
:102F3000087602E000207849087610BD10B56F4889
:102F40000078042188436D4908707448807900280E
:102F50000ED1042272497148801CF0F7C3FE01288B
:102F600006DA6648007804218843001D634908702A
:102F70000123624A6649A020F8F768FC10BD0128C9
:102F800020D1684909788143664A11701146097851
:102F900002229143634A1170634909788143624A6E
:102FA00011705249097810229143504A117011460C
:102FB0004978814351705C490978102291435A4AFB
:102FC000117073E0022824D1564909784908490054
:102FD000544A11701146097802229143514A1170E6
:102FE00051490978022291434F4A11703F490978AB
:102FF000202291433D4A11701146497802229143A3
:103000003A4A51704849097820229143464A117042
:103010004CE0032824D14349097849084900414A32
:10302000117011460978022291433E4A11703E49BF
:103030000978042291433C4A11702C4909784022B6
:1030400091432A4A11701146497804229143274A34
:1030500051703549097840229143334A117025E077
:10306000042823D12F490978490849002D4A1170B5
:1030700011460978022291432A4A11702A49097897
:1030800008229143284A11701849097880229143F7
:10309000164A11701146497808229143134A51701B
:1030A00021490978802291431F4A1170704710B559
:1030B0000446012C47D11C480078A0431A490870E7
:1030C000084600781021884317490870074800789F
:1030D000102188430549087008464078A04348708D
:1030E00010480078A0430F4908701FE0D500002069
:1030F000DA000020E100002069000020D900002053
:10310000290000208A00002073010020D700002041
:103110001315000064000020121100205307002046
:10312000E1060020DD000020DB00002008460078DA
:1031300002218843FE4908700020FE490873087484
:10314000FD490870E8E0022C2AD1FC4800780221F1
:103150008843FA4908700846007820218843F749D7
:103160000870F748007820218843F5490870084620
:10317000407802218843F2494870ED4800784008C1
:103180004000EB4908700846007802218843E8496E
:1031900008700020E74948734874E7494870BBE06D
:1031A000032C2AD1E548007804218843E3490870BC
:1031B0000846007840218843E0490870E0480078DC
:1031C00040218843DE49087008464078042188433E
:1031D000DB494870D648007840084000D449087060
:1031E0000846007802218843D14908700020D1495F
:1031F00088738874D04988708EE0042C2AD1CF4817
:10320000007808218843CD4908700846007880215D
:103210008843CA490870CA48007880218843C84951
:1032200008700846407808218843C5494870C0485E
:10323000007840084000BE49087008460078022126
:103240008843BB4908700020BA49C873C874BA499A
:10325000C87061E00020B94908704870B44800782F
:1032600040084000B24908700846007802218843AF
:10327000AF490870B248007810218843B0490870FF
:103280000846007820218843AD4908700846007838
:1032900040218843AA490870084600788021884365
:1032A000A749087008464078400840004870084622
:1032B000407802218843A24948700846407804219A
:1032C00088439F49487008464078082188439C49B4
:1032D00048709A4800781021884398490870084639
:1032E00000782021884395490870084600784021DD
:1032F00088439249087008460078802188438F49A6
:103300000870142200218B48F0F7C2FA00208A4985
:10331000087048708870C87004218748F0F784FCF2
:103320008549087105230A468649A020F9F7FCFA69
:1033300010BD70B504462046F0F788FB05462846C8
:1033400070BD10B50246002005E0C4001346E340FE
:103350000B54431CD8B20428F7DB10BD10B502464D
:10336000002107E003020324641A145D2343184676
:103370004B1CD9B20429F5DB10BDFEB572480078AC
:103380004007C00F00D0FEBD6F480079C006C00FD7
:103390007ED06E480078030002F01CFF05044D99B2
:1033A000F1EDEC0005236A466949A020F9F7EEFA31
:1033B00005216846FDF7E4FB002836D16846FDF795
:1033C00082FC002831D0634800784021884361495D
:1033D00009784906C90FC9438901402211400843B1
:1033E0005C4908705C484078042188435949097851
:1033F0004906C90F89000422114008435649487004
:10340000002404E0002055490855601CC4B2062C75
:10341000F8DB0623514A4E49A020F9F785FA02232A
:103420004C4A4F49A020F8F711FA48480078401C50
:1034300046490870E0E105236A464549891DA020F8
:10344000F9F7A4FA05216846FDF79AFB002838D160
:103450006846FDF738FC002833D03E4800788021CC
:1034600088433C490978C909C943C90180221140F0
:10347000084338490870384840780821884335495E
:1034800009780906C90FC90008221140084300E065
:10349000B3E131494870002404E000202F49085569
:1034A000601CC4B2062CF8DB06232C4A2849891D6F
:1034B000A020F9F739FA0223264A2949A020F8F773
:1034C000C5F922480078401C2049087094E1214841
:1034D00000784006C00F01D1224E01E0214E113686
:1034E0001023214A3146A020F9F780FA0546002D25
:1034F00019D11E480078042803DC1C4800780028F5
:1035000002D104201949087000240AE01748007805
:10351000401E800000191449085C15490855601CBC
:10352000C4B2042CF2DB09480078401C074924E0AF
:10353000DD000020121100208E000020DB000020A2
:10354000D50000201D15000029000020EE010020FC
:103550000C1B00002E000020730100208B020020B5
:10356000B816000016250000F20600207D0100209C
:103570004B00002036E1AFE001E008703CE10123A0
:10358000FC4AFD49A020F9F701FAFA48007806281C
:1035900002DD0620F7490870F8480078C00901D11B
:1035A000F74E01E0F64E36361823F64A3146A02093
:1035B000F9F71CFA05460120F3490870002D64D183
:1035C000002405E0F148005D69460855601CC4B25E
:1035D000042CF7DB6846C0784106490E6846C17086
:1035E00000244AE06846C178A000C01CE54A105C8F
:1035F00081423FDB6846C178A000C01C105C81425C
:1036000006D168468178A000801C105C814231DBC5
:103610006846C178A000C01CDA4A105C81420DD116
:1036200068468178A000801C105C814206D1684603
:103630004178A000401C105C81421BDB6846C178C9
:10364000A000C01CCF4A105C814214D1684681782A
:10365000A000801C105C81420DD168464178A0001A
:10366000401C105C814206D168460178A000105CC5
:10367000814200DC05E0601CC4B2BE480078A04274
:10368000B0DC00BF601CC0490870BC480078C009AD
:1036900002D1BB4E193601E0B94E4F361C23BC4A4D
:1036A0003146A020F9F7A2F90546002D0ED10024DD
:1036B0000AE0B5480078401E80000019B449085C53
:1036C000B4490855601CC4B2042CF2DBB24800783F
:1036D000401CB14908708FE0002405E0AF48005D50
:1036E00069460855601CC4B2042CF7DB002069460B
:1036F0000871002406E0A748015D6A46601D115468
:10370000601CC4B2042CF6DB002069464872042217
:10371000491D6846F0F7C6FD002405E06846005DD7
:103720009F490855601CC4B2042CF7DB9C48FFF786
:1037300000FE9C490860084600689B49884202D9FF
:10374000084698490860002405E09848005D6946ED
:103750000855601CC4B2032CF7DB00206946C87012
:103760006846FFF7E6FD92490860002406E08F48AE
:10377000C01E005D69460855601CC4B2032CF6DB10
:1037800000206946C8706846FFF7D3FD8949086084
:103790000846006800280CD085480068002808D03A
:1037A00080480068096848438149096848437D4961
:1037B00008607C480068F0F728FB7A4908607E4979
:1037C00078480068FFF7BDFD00207B49087148710B
:1037D0007A480079102188437849087100206E49A1
:1037E000087009E000206C490870744800791021C5
:1037F00088437249087100BF00BF00BFC3E53EB5F2
:103800001C216348F0F710FA6149097F88420FD103
:1038100018215C48F0F708FA5A49097E884207D116
:1038200010216748F0F700FA6549097C884218D0F2
:10383000624800780421884360490870084600798E
:103840001021884310305D490871002052490870EA
:10385000002403E0FFF791FD601CC4B2062CF9DBE5
:1038600006E1444800784349497888420CD0012356
:10387000404A4149A020F9F789F83E4800780628D7
:1038800002DD06203B490870002405E03F48005D4A
:1038900069460855601CC4B2042CF7DB6846C07842
:1038A0004106490E6846C17000244AE06846C17866
:1038B000A000C01C334A105C81423FDB6846C178DF
:1038C000A000C01C105C814206D168468178A0002F
:1038D000801C105C814231DB6846C178A000C01CAE
:1038E000284A105C81420DD168468178A000801C76
:1038F000105C814206D168464178A000401C105CF3
:1039000081421BDB6846C178A000C01C1D4A105CC8
:10391000814214D168468178A000801C105C8142ED
:103920000DD168464178A000401C105C814206D150
:1039300068460178A000105C814200DC05E0601C54
:10394000C4B20C480078A042B0DC00BF601C0E4935
:10395000087000240AE00C480078401E800000191E
:103960000B49085C0B490855601CC4B2042CF2DBFF
:1039700000242DE055000020231B00002E00002015
:10398000382500001407002046000020AA0E002061
:103990002D07002047000020EE0100204B000020F2
:1039A0006B0000205800002040420F00DA06002083
:1039B0005C000020600000204F0000202900002053
:1039C000F2060020FE48005D69460855601CC4B23E
:1039D000042CF7DB002069460871002406E0F94852
:1039E000015D6A46601D1154601CC4B2042CF6DBF4
:1039F0000020694648720422491D6846F0F752FCCF
:103A0000002405E06846005DEF490855601CC4B21B
:103A1000042CF7DBEC48FFF78CFCEC490860084607
:103A20000068EB49884202D90846E8490860E9483D
:103A3000006800280DD0E8480068002809D0E34855
:103A40000068E44909684843E34909684843DF4995
:103A50000860DE480068F0F7D8F9DC490860DF4903
:103A6000DA480068FFF76DFC0020DC4908714871F6
:103A70003EBD10B5DA48807D002811D1D848C07D00
:103A800000280DD1D648007E002809D1D5480078FD
:103A900040084000D34908700020D349087010BD89
:103AA000D24801F01FFF0446D14901F025FFD0485C
:103AB00001F018FF4402640ACD49204601F01CFFC2
:103AC0000322C7491631CA48F0F70CF9002817DD60
:103AD000C5480078401CC4490870C149487EEFF7CA
:103AE00060FFC149097888420DDABE480078400875
:103AF0004000401CBB4908700020BB49087002E030
:103B00000020B949087000BFC9E710B5FCF7EDFD0A
:103B1000F0F724FD07220021B648EFF7B9FE042292
:103B2000AE49B448EFF7BEFEB3480078C0092FD1C4
:103B30000722B049B148F0F7D5F801280BD1072288
:103B4000AC49AE48F0F7DEFB07220021AB48C01DB0
:103B5000EFF79EFE22E00722A649A948EFF7A2FE52
:103B60000722A649A648F0F7CDFB0722A449A3489F
:103B7000C01DEFF797FE07220021A048EFF788FE4F
:103B80009D4800788021884380309B49087005E07B
:103B9000072298499948C01DF0F784FB16219748E1
:103BA000F0F715FC10BD10B596480078002800D13C
:103BB00010BD002093490870F0F7DEF8FFF759FFB9
:103BC000F0F768FCFFF786F9FDF71EF9F0F744FD02
:103BD000F0F771FCFCF78AFBFCF794FCFCF70AFD9C
:103BE00000BFE5E710B5F0F7DAFC8748C078C007FA
:103BF000C00F00D010BD8448C078C00931D18348BF
:103C000040788349097888421FD0804840788049AD
:103C100008707D4800784021884340307A49087018
:103C2000084600788021884380307749087008462C
:103C3000007804218843001D734908700846007904
:103C4000102188431030704908717048007871491C
:103C50000978884205D06D4800786E49087001F0F7
:103C60007FFA00BFC6E710B56348007840084000FF
:103C70006149087008460078022188435E4908704F
:103C800008460078042188435B490870084600789C
:103C90008021884358490870072200215848EFF7CF
:103CA000F7FD56488079002807D10522544953482A
:103CB000801CF0F717F8002853DD04224849891DBD
:103CC0004E48801CF0F70EF804464C4880790028D6
:103CD00001D1002C06DD50480078022188434E496E
:103CE0000870C0E04448007840084000401C424949
:103CF000087004223A490A314048801CEFF7F2FF6D
:103D0000002806DD444800780221884342490870B3
:103D1000A9E03948007802218843801C36490870A0
:103D20003D4800784007C00F0CD00846407802217B
:103D30008843314948703848007802218843364921
:103D4000087090E02C48407802218843801C2A4962
:103D500048703148007802218843801C2E49087041
:103D600081E02548007840084000401C2249087046
:103D70000846007802218843801C1F4908700722EA
:103D80001F491E48C01DEFF7ADFF002807DD1A4888
:103D90000078802188438030174908700EE00422A3
:103DA00017490F480E30EFF79DFF002806D1124843
:103DB00000788021884380300F49087004222DE06C
:103DC0004B000020470000206B000020580000201E
:103DD00040420F00600000205C0000204F000020E7
:103DE000D7060020DA00002064000020300E0020FA
:103DF00065000020F1010020D700002053070020BB
:103E00007F040020D0010020290000201F00002096
:103E1000EF010020F0010020D900002093499448D0
:103E2000EFF760FF044692480938407B002801D133
:103E3000002C12DB8F480078C00906D08D4800782E
:103E400004218843001D8B4908708B4800780221AB
:103E50008843801C8849087005E087480078022163
:103E600088438549087085480078400840008149AA
:103E70000978C907C90F08438049087008460078C7
:103E8000022188437B4909788907C90F490002222A
:103E90001140084379490870084600780421884396
:103EA000744909784907C90F890004221140084361
:103EB00072490870084600781021884370490978D3
:103EC00009011022114008436C4908700846007827
:103ED000202188436A4909788906C90F49012022AF
:103EE000114008436549087008464078102188430E
:103EF000634949784907C90F090110221140084355
:103F00005E49487008464078202188435C494978DA
:103F10000907C90F49012022114008435749487039
:103F200010BD10B5FEF793FE10BD56480078401C3A
:103F300054490870084600783C2826DB084600787B
:103F40003C38087050480078401C4F4908700846BB
:103F500000784E490978884217DB4B4800784B4976
:103F60000978401A484908700120494908704948B1
:103F7000007840084000401C464908700846007818
:103F800002218843801C4349087043480088002868
:103F90000FDD41480088401E3F49088008460088E0
:103FA000002806D13D48007840084000401C3B49AD
:103FB00008703B48007800284ED039480078401EF1
:103FC0003749087008460078002845D13548007800
:103FD000C007C00F0DD03448007B1021884310303B
:103FE000314908732F480078400840002D49087077
:103FF0001CE02C4800788007C00F09D0012024491C
:1040000048702848007802218843264908700DE04E
:10401000244800784007C00F08D001201C49887050
:1040200020480078042188431E4908701F48007802
:1040300003280CDD1948007840084000401C17494F
:1040400008700020174908701849087004E01748E4
:104050000078401C1549087015480078002804D0E5
:1040600013480078401E124908707047E50600208A
:104070005C070020D7000020D90000206900002044
:1040800073010020EC010020ED010020240200203B
:10409000940000203A0200209A0000200C02002028
:1040A0009C0000209E0000207C1200209D0000202B
:1040B0003802002010B5FE48C078C007C00F09D0F4
:1040C0000420FC490870FA48007804218843F84924
:1040D000087010BDF648C078C00909D00420F54921
:1040E0000870F348007804218843F1490870F0E72C
:1040F000EF4800784007C00F7ED0EF4800780300FB
:1041000002F068F80C075299F2F0EFEEEDECEBEAF2
:10411000E9E80523E94A1B210902A020F8F736FC4B
:104120000521E648FCF72CFD002837D1E348FCF7D1
:10413000CAFD002832D0E248007810218843E049C7
:104140000978C906C90FC943090110221140084363
:10415000DB490870DB48007820218843D84909787A
:10416000C906C90F4901202211400843D5490870EA
:10417000002404E00020D4490855601CC4B2062C79
:10418000F8DB0623D04A1B210902A020F8F7CCFB5C
:104190000223CB4ACD49A020F7F758FBC648007848
:1041A000401CC549087038E20523C44AC849A0200C
:1041B000F8F7ECFB0521C148FCF7E2FC002834D1FC
:1041C000BE48FCF780FD00282FD0BD480078202194
:1041D0008843BB4909788906C90FC9434901202290
:1041E00011400843B6490870B648007840084000BE
:1041F00009788906C90F00E0FEE30843B149087059
:10420000002404E00020B0490855601CC4B2062C0C
:10421000F8DB0623AC4AAE49A020F8F785FB022361
:10422000A74AAA49A020F7F711FBA3480078401C31
:10423000A1490870B7E70020A6490870F3204001A3
:10424000A54908800223A04AD9214901A020F8F7F6
:104250009DFB9D48407800029B49097808439F498F
:1042600008800846EFF7BEFB9C4908800846008896
:10427000FE2801DDFE20088000241AE004238F4A76
:1042800095480188A020F8F781FB8C480078002829
:104290000CDD8A480078092808DA601C8D4908700E
:1042A0008D480088401D8C49088000E005E0601CB6
:1042B000C4B28A4800888442E0DB00BF7E480078B0
:1042C000401C7D4908707A484078C021884378496D
:1042D000487068E7FCE35FE329E35CE29EE160E1AC
:1042E0003EE171E029E0FFE700207D49C870887059
:1042F000487008707748007800280CDDF3204001F2
:10430000754908800420774908706B480078401C84
:104310006949087009E06E481F306F490880012024
:104320007049087005206449087061484078C021D0
:10433000884340305E494870FBE36B4880795F49B1
:10434000C97888421DD1684840795C49897888429B
:1043500017D16548007959494978884211D15748A1
:1043600000786249087008460078614908700920A1
:10437000514908704E484078C02188434C494870E4
:1043800021E054480078401E0006000E5149087094
:1043900008D051480088401D4F49088004205149E9
:1043A000087009E04A481F304B49088001204D49F8
:1043B00008700520404908703D484078C021884376
:1043C00040303B494870B4E33C4800784649CA78DD
:1043D00001219140084213D13D4821303E490880D7
:1043E00001204049087034480078401C3249087068
:1043F0002F484078C021884340302D494870AEE0B6
:1044000000203C4908702E480078C006C00F4000CC
:104410003949085A2E49543140182F4908802B2316
:10442000264A08460188A020F7F7D4F92A21234814
:10443000EFF7FAFB21492031897A88422AD02648B1
:10444000008813221202801881B22B231B4AA0205D
:10445000F7F7C0F92A211948EFF7E6FB1749203191
:10446000897A884201D000BF14E0012021490870F8
:1044700013480078C006C00F40001F49085A14496D
:10448000543141181B480078132212025043081877
:104490001149088000200F49087001230A4A0C497D
:1044A0001231A020F8F772FA0749087826E00000D8
:1044B000290000207D010020FC0100202C1100209B
:1044C0002E000020730100208B020020B81600008F
:1044D000061B0000FB010020F80100200402002060
:1044E000FE010020FA0100201F000020020200202F
:1044F00045000020FD0100208C770100EFF751FA04
:10450000FB490870084600780E2801DD0E2008706F
:10451000002416E00123F74AF7480188A020F7F7A6
:1045200059F9F4480078002808D0601CF349087055
:10453000F1480088C01CF049088000E005E0601CDC
:10454000C4B2EB480078A042E4DC00BF0720EC498D
:104550000870EC484078C0218843EA494870E8E296
:10456000E4480078E849087008460078E749087090
:10457000E5480078082803DCE3480078002806D1E5
:104580000120E149087008460078E04908700920D8
:10459000DB490870DB484078C0218843D94948701E
:1045A000C7E2D64800780E2802DD0E20D3490870F5
:1045B000D2480078002820DDD5480078C006C00F1A
:1045C0004000D449085AD4494118D44800781322ED
:1045D000120250430818C8490880C9480078401C96
:1045E000C74908700020CE490870C6484078C021ED
:1045F00088438030C34948700FE00120C2490870E9
:1046000008460078C14908700920BD490870BD48B6
:104610004078C0218843BB4948708AE2C04800788E
:1046200000280AD1B3480078BD490870B1484078E5
:104630004870B0488078887075E0AE488078B84996
:104640008978884205D1AB484078B5494978884295
:1046500005DCA8488078B2498978884211DDB048E5
:104660008078B0494979884253DCAD488078AD49BB
:104670004979884205D1AA484078AA4909798842EF
:1046800047DC9C488078A6498978884205D19948BA
:104690004078A3494978884205DC96488078A0494B
:1046A0008978884211DD934880789E49497988420B
:1046B0002FDB904880789B494979884205D18D4805
:1046C000407898490979884223DD8A48807895495D
:1046D0004979884205D187484078924909798842CA
:1046E00005DD844880788F49497988421BDA8C48F7
:1046F00080788C49497988420BDC894880788949DF
:10470000497988420FD1864840788649097988429C
:1047100009DD78480078824908707648407848700A
:1047200074488078887075480078401E0006000E36
:10473000724908700CD070480088C01C6E4908800F
:1047400070484078C021884380306E49487021E02D
:10475000734800786C490870084600786B49087007
:1047600069480078082803DC67480078002806D1EB
:10477000012065490870084600786449087060485F
:104780000078401C5E4908705E484078C02188432C
:104790005C494870CDE15C480078002871DD5A48DA
:1047A000007809286DDA58480078401E2B214843CC
:1047B00059492B314018564909788906C90F4900D3
:1047C000544A515A40184C490880002053490870F7
:1047D0002B23484A48480188A020F6F7FBFF2A21EE
:1047E0004448EFF721FA43492031897A884230D092
:1047F0004148008813221202801881B22B233D4ABF
:10480000A020F6F7E7FF2A213A48EFF70DFA3949D9
:104810002031897A884201D000BF1AE001203F4947
:10482000087039480078401E2B2148433A492B3103
:104830004018374909788906C90F4900354A515A45
:1048400041183648007813221202504308182A49AA
:1048500008800020294908700123254A2E493E3945
:10486000A020F8F793F822490878EFF79AF8204942
:104870000870084600780E2801DD0E20087000241C
:1048800017E027E001231B4A1B480188A020F6F708
:10489000A1FF18480078002808D0601C174908704C
:1048A00015480088C01C1449088000E005E0601C21
:1048B000C4B20F480078A042E4DC00BF1048007882
:1048C000401C0F4908700F484078C02188430D49AB
:1048D00048702BE000200A4908700A48007804213B
:1048E00088430849087004200F49087021E100003E
:1048F0008B0200202C110020F8010020FB01002079
:10490000FC010020290000200202002045000020B8
:104910002E0000208C7701005A1B0000FD010020B2
:10492000FE0100201F0000207D01002001E19D48C4
:1049300000780E2802DD0E209A4908709948007808
:10494000002802D101209749087097480078401E3E
:104950002B21484395494018954909788906C90F84
:104960004900944A515A4118934800781322120280
:10497000504308189149088091480078401C90499C
:10498000087000208F4908708F484078C021884304
:1049900080308D494870CCE08A48007800280AD1E0
:1049A0008A48007887490870884840784870874866
:1049B0008078887077E08548807882498978884255
:1049C00005D1824840787F494978884205DC7F4894
:1049D00080787C498978884213DD7A4880787C49E0
:1049E0008978884255DC7748807879498978884287
:1049F00007D17448407800E0D0E075494978884292
:104A000047DC724880786F498978884205D16F48C1
:104A100040786C494978884205DC6C48807869495F
:104A20008978884211DD69488078694989788842A7
:104A30002FDB6648807866498978884205D16348CB
:104A4000407863494978884223DD6048807860492E
:104A50008978884205D15D4840785D494978884227
:104A600005DD5A4880785A49897888421BDA5548CA
:104A700080785749897888420BDC524880785449BD
:104A8000897888420FD14F48407851494978884207
:104A900009DD4E4800784B4908704C484078487012
:104AA0004A48807888703F480078401E0006000E13
:104AB0003C4908700DD041480088C01C3F4908801F
:104AC00041484078C021884380303F49487025E004
:104AD00025E000203A4908703B48007804218843CB
:104AE00039490870374800783A49097888420AD02D
:104AF0003548007808218843083033490870314828
:104B000000783449087033480078042803DC3148C1
:104B10000078002802D104202E49087009E0002006
:104B200027490870284800780421884326490870DE
:104B300000BF00BF24484078800901281CD12648C6
:104B40000378224A1D480188A020F7F71FFF00289C
:104B50000CD01C4800781D4908701A4840784870ED
:104B60001848807888701748C078C8701648407810
:104B7000C0218843144948701348407880090228AE
:104B80000CD10323114A0D480188A020F6F722FE1C
:104B90000D484078C02188430B49487000BFFFF79B
:104BA00098FA0000FB01002002020020851B000093
:104BB0002E0000208C770100FD010020F80100206C
:104BC000FC010020FE010020290000202C11002003
:104BD0001F0000207D010020FA01002010B51721E0
:104BE000FE48EFF721F8FD49C97D884215D018230A
:104BF000FA4A09218902A020F6F7ECFD1721F748AF
:104C0000EFF712F8F549C97D884206D01823F34A18
:104C100037210902A020F6F7DDFD10BD70B504466E
:104C20000D46FFF7DBFFED48005D401CEB490855E2
:104C30000846005DA84201DB002008551721E7481F
:104C4000EEF7F2FFE549C87518230A4609218902E3
:104C5000A020F7F769FE70BD10B5E14880784007E5
:104C6000C00F3ED0DF48FBF724FE0222DE49DD48BC
:104C7000801DEEF717FE0422DC49DA480830EEF713
:104C800011FE0423D74A0C32D949A020F6F7A2FD21
:104C90000422D5490C39D3481030EEF703FE042224
:104CA000D449D0481430EEF7FDFD0A210020FFF76B
:104CB000B5FFCA48007817225043CF4A81181723FE
:104CC000C84A521CA020F6F7C1FDC54880780421CF
:104CD0008843C34988700846807840218843C0498A
:104CE000887010BD38B504460D4603236A46214638
:104CF000A020F6F76FFD03216846EEF7FCFE0323C4
:104D00006A462146A020F6F7A1FD38BD70B50646DB
:104D10000D46012D45D10021B848FFF7E3FF0024DF
:104D200004E00020AF490855601CC4B21E2CF8DB1B
:104D3000AC48FBF7BEFD0422B149AA48801DEEF73E
:104D4000B1FD0422AF49A7480A30EEF7ABFD0422BB
:104D5000AC49A4480E30EEF7A5FD0422A949A148AC
:104D60001230EEF79FFD0322A7499E481630EEF75A
:104D700099FD0222A44920319A481930EEF792FD9C
:104D80000A210420FFF74AFF944800791B22504370
:104D90009A4AD21C81181B23924AA020F6F756FD8E
:104DA00044E000219948FFF79DFF002404E0002023
:104DB0008C490855601CC4B21E2CF8DB8948FBF7EF
:104DC00078FD04228E498748801DEEF76BFD042292
:104DD0008C4984480A30EEF765FD042289498148F0
:104DE0000E30EEF75FFD042286497E481230EEF762
:104DF00059FD032284497B481630EEF753FD022209
:104E00008149203177481930EEF74CFD0A210720FF
:104E1000FFF704FF7148C0791B2250437B4AD21C24
:104E200081181B236F4AA020F6F710FD70BD70B5E6
:104E30000546012D27D100216F48E630FFF752FFCC
:104E4000002404E0002067490855601CC4B2122CFD
:104E5000F8DB6448FBF72DFD03226B496148801D98
:104E6000EEF720FD0A210846FFF7D8FE5B48807A5E
:104E700012225043604AE93281181223594AA02075
:104E8000F6F7E4FC27E0022D25D100216048FFF76A
:104E900029FF002404E0002052490855601CC4B2D8
:104EA0000C2CF8DB4F48FBF704FD032256494D4814
:104EB000801DEEF7F7FC0A210B20FFF7AFFE4748F5
:104EC000C07A12225043524AD21C81181223454AFA
:104ED000A020F6F7BBFC70BD10B50446012C17D11D
:104EE0004048FBF7E6FC032247493E48801DEEF7A9
:104EF000D9FC3A48807A12225043454AB43A801885
:104F0000093081B20923374AA020F6F79FFC18E048
:104F1000022C16D13348FBF7CCFC03223A49314826
:104F2000801DEEF7BFFC2D48C07A12225043384A4C
:104F3000D21C8018093081B209232A4AA020F6F732
:104F400085FC10BD10B5002131204002FFF7CAFEDC
:104F50000A210D20FFF762FE002404E00020214911
:104F60000855601CC4B20C2CF8DB1E48FBF7A1FCF2
:104F70001A48407B0C225043204A783A81180C236F
:104F8000184AA020F6F762FC012016490870012398
:104F90000A462049A020F6F759FC10BD10B50021A3
:104FA0001B48B730FFF79EFE0E48FBF782FC042239
:104FB00014490C48801DEEF775FC0422114909487C
:104FC0000A30EEF76FFC04220E4906480E30EEF769
:104FD00069FC0A210E20FFF721FE1DE03C020020A3
:104FE000290000208B020020610700207C000020A7
:104FF0007A24000080000020E16800007B6200004D
:105000008A000020800E0020300E0020AE650000D7
:105010007E6A0000B7160000F748807B12225043DA
:10502000F64A81181223F64AA020F6F70FFC10BDAD
:1050300010B5F348FBF73DFCEF48407B0C22504392
:10504000F04A8018801D81B20623ED4AA020F6F7B1
:10505000FDFB0020EA49087001230A46EA49A02026
:10506000F6F7F4FB10BD10B515220021E748EEF766
:105070000FFC1421E548EEF7D7FDE4490875152328
:105080000A4613210902A020F7F74EFC0422002152
:10509000DF48EEF7FDFB0422DD49DE48EEF702FCB7
:1050A0002A22DA49DB48001DEEF7FCFB0822DA4928
:1050B000D8482E30EEF7F6FB3621D648EEF7B4FD91
:1050C000D449203188753723D24AFF21C731A02027
:1050D000F6F7BCFB15220021D048EEF7D9FB1523CB
:1050E000CE4ACF49A020F7F71FFC0E220021C2486C
:1050F000EEF7CEFB1721C048EEF796FDBE49C87506
:1051000018230A4609218902A020F7F70DFC802206
:105110000021BB48EEF7BCFB0423B94AC149A020DB
:10512000F6F794FB00240AE0E001312252028118D4
:105130008023B34AA020F6F789FB601CC4B2122C6E
:10514000F2DB8023AE4AAD49BA39A020F6F77EFBE8
:105150003723AB4AA9493A39A020F6F777FB10BDAF
:1051600010B5B14880784007C00F05D0AE48C07870
:10517000C00901D1FFF770FDAC4841780278080200
:1051800010439921490188421EDCA8480C3800F0E0
:10519000A9FBFF21F531884207D8A4480C3800F05C
:1051A000A1FBFF21F531884206D9A14800780821EA
:1051B00088439F4908700DE09D4800780821884386
:1051C00008309B49087005E0994800780821884319
:1051D000974908709448C0784006C00F19D1944888
:1051E00000780007C00F14D092480079401C914904
:1051F0000871084600790F2834DB002008718A48BE
:10520000C0784021884340308749C870FFF79AFE34
:1052100028E08548C0784006C00F17D08448007841
:105220000007C00F12D18048C078402188437E49D2
:10523000C8700123724A7449A020F6F7CBFA70486F
:10524000007800280ED0FFF7F3FE0BE078480078D6
:105250000007C00F06D17448C0784006C00F01D1C6
:105260007449087174480078002804DD7248007899
:10527000401E7149087070480078002814D16A48AF
:10528000C0788006C00F0FD06748C07820218843BF
:105290006549C8700846C078C00901D1FFF77EFE95
:1052A000FBF723FAFFF7DFFE10BD10B5002404E082
:1052B000AA2053490855601CC4B2142CF8DB50488E
:1052C000FBF7F7FA042251494D48801DEEF7EAFA40
:1052D00004224E494A480A30EEF7E4FA1821132016
:1052E000FFF79CFC4448C07C0D2250431B229202D5
:1052F00081180D23424A521CA020F6F7A7FA10BDD0
:10530000F8B507463E48FBF7D4FA404E00250EE0BC
:10531000002408E03178A800801D0019384A115493
:10532000761C601C84B2042CF4DB681C85B2052D4D
:10533000EEDB364E00250EE0002408E03178A800B0
:105340001A3000192E4A1154761C601C84B2042CA9
:10535000F4DB681C85B2052DEEDB2C4E00250EE03B
:10536000002408E03178A8002E300019244A115496
:10537000761C601C84B2042CF4DB681C85B2052DFD
:10538000EEDB224E00250EE0002408E03178A80074
:10539000423000191A4A1154761C601C84B2042C45
:1053A000F4DB681C85B2052DEEDB184E00250EE0FF
:1053B000002408E03178A80056300019104A115432
:1053C000761C601C84B2042CF4DB681C85B2052DAD
:1053D000EEDB164E1C3E002407E0317820466A3092
:1053E000074A1154761C601C84B2032CF5DB00259F
:1053F00031E000242BE000003C020020386B00006C
:105400008B02002003620000B7160000800E00200F
:1054100059010020540200201F000020AA0E002085
:10542000D21300007A240000290000204C0E002036
:105430003200002007020020440000200021680004
:1054400028186D300019DA4A1154601C84B2032CFC
:10545000F4DB681C85B2032DCBDBD64E002407E0BD
:10546000317820467630D24A1154761C601C84B2C2
:10547000032CF5DB00250EE0002408E00021680085
:10548000281879300019CA4A1154601C84B2032CC0
:10549000F4DB681C85B2032DEEDB002F11D11F2138
:1054A0000F20FFF7BBFBC448C07BC20180181F223E
:1054B0005202801881B28123BD4A521CA020F6F707
:1054C000C5F9012F10D103211020FFF7A7FBBA481F
:1054D000007CC2018018B94A801881B28123B44A85
:1054E000521CA020F6F7B2F9022F10D10221112090
:1054F000FFF794FBB048407CC2018018B04A801886
:1055000081B28123AA4A521CA020F6F79FF9032FEB
:1055100010D102211220FFF781FBA748807CC20135
:105520008018A84A801881B28123A14A521CA02069
:10553000F6F78CF9042F10D102211420FFF76EFB2F
:105540009D48007DC20180189F4A801881B2812346
:10555000974A521CA020F6F779F9052F10D11F2188
:105560001520FFF75BFB9448407DC2018018974AE5
:10557000801881B281238E4A521CA020F6F766F96A
:10558000F8BD7CB592480068002800D07CBD9148E9
:10559000407891490978884270D090480178007825
:1055A000401C8E4A1070002904D001294FD00229D6
:1055B0007ED164E004236A468949A020F7F7E6F922
:1055C0006846C078992805D06846C07881494979ED
:1055D00088422ED1684600787E494978884228D191
:1055E000684680787B49097988420DD168464078C1
:1055F00078498978884207D17A4880788021884321
:1056000080307849887014E068468078992810D1F5
:10561000684640786F498978884203D06846407868
:10562000992806D16F4880788021884380306D4961
:1056300088706C488078C00908D00020FFF760FEB1
:1056400068488078802188436649887058E0022342
:105650006A466349C91EA020F7F798F95D4880782B
:1056600069464978884208D15A484078694609789D
:10567000884202D10520FFF743FE41E041E00523C7
:105680006A466D218901A020F7F780F90521684657
:10569000FBF776FA00282AD16846FBF714FB0028AE
:1056A00025D0012301AA02324D49491FA02000E064
:1056B0001EE0F7F76BF968468079602806D1454807
:1056C0004078002813D1FFF7F0FD10E06946887993
:1056D000EEF767F904463F494878EEF762F9054668
:1056E000214600F0AEF8002901D1FFF7DEFD07E00A
:1056F00000203A490870374840783749087000BFA1
:1057000000BF00BF42E710B532480078364909783B
:1057100088424CD02F4800783349087033480078CD
:10572000C006C00F32490978C906C90F88421CD08B
:105730000220FFF7E5FD2F490978202291432C4AEA
:105740001278D206D20F520120231A401143294A5F
:1057500011708906C90F090110221140084623491A
:10576000097891430143214A11702048007880064E
:10577000C00F1F4909788906C90F884217D0032036
:10578000FFF7BEFD1B49097849084900184A1278FD
:105790009206D20F1143174A11704901202211407D
:1057A00008461249097891430143104A117010BD0F
:1057B0008B020020340E00203C0200209F4D000090
:1057C000224F000024500000265100002852000003
:1057D0003C0000201F00002041000020400000206D
:1057E0004B1B000029000020060200203000002092
:1057F0002E00002073010020044880470448004721
:10580000FEE7FEE7FEE7FEE7FEE7FEE715580100CC
:10581000C1300000704730B50B4601460020202201
:10582000012409E00D46D5409D4205D31D46954013
:10583000491B2546954040191546521E002DF1DCA6
:1058400030BD70B500242546002801DA012440420D
:10585000002901DA01254942FFF7DDFFAC4200D003
:105860004042002C00D0494270BDF0B51FB486B054
:1058700000200090019002900698069980B2049052
:105880000798090C02040014114307900027089D93
:10589000099806913E463C4603900398A9B202043B
:1058A000000C039004982D0C154348430021224618
:1058B00000F066FBC719714110340E46402CECDB3A
:1058C0003846029A00F05CFB009A019B8018009019
:1058D000594102980191103002904028CCDB009889
:1058E0000BB0F0BD001D0321401E037812021A43C5
:1058F000491EF9D510467047034603220870491C1B
:10590000000A521EFAD518467047F8B502464A40BA
:10591000D40F42004B0052085B089A4202D2024662
:10592000084611464A0023D0C30D4A00DDB2120ECC
:10593000AD1A202D35DA49020126490AF6058A19E1
:10594000002C00D0524220214F1B1146B9402A4161
:105950001018C20D9A4221D0002C17D0012D08DC5E
:10596000DA05801AD20F8019D207DBB200F044FBAF
:10597000F8BDDA05801A012340001B06C018801804
:105980005A428018CA0F1043490007E04908C2076D
:105990001143DA05801A80194008801800F024FBB2
:1059A000F8BD61000122511A001BF7E70122D2075E
:1059B0005140AAE70122D2075040A6E7024670B53F
:1059C0004A40D30FDB0740002DD04A002AD0010EF9
:1059D000140E091900021202400A520A8418E50145
:1059E00004465443000A120A2E045043A4194219D3
:1059F000200CC543AA18120C01257F39521CAD0397
:105A000052191204240400D0521C104301D4400047
:105A1000491EC2B20C06C0092018401C4008802A4A
:105A200002D003E0002070BD40084000002900DAE9
:105A30000020184370BD70B502464A40D50F4000A3
:105A40004A00ED0740085208002816D0002A14D05A
:105A500041000C0E51000B0E41020120C005520204
:105A6000490A520AE41A091812187D34914201D3E6
:105A7000641C00E04900002C01DA002070BD002306
:105A8000914201D3891A0343400849000028F7D105
:105A900000290AD0914202D10121C90705E09142B3
:105AA00001D2012101E00121C943E005C0184019DC
:105AB00000F09AFA70BD0000F0B50746084658405D
:105AC00087B0C00F049048000E46590040084908AE
:105AD000BC1A884105D2384631461E4617460B4649
:105AE000024658004008104303D13846314607B0FB
:105AF000F0BD300D039040055900400D490D059053
:105B0000401A029040286DDA18030121000B0905A4
:105B10000843019004980092002805D00199524250
:105B20000020884100920190029840210A1A0199B0
:105B3000009800F025FA05460C46684607C800F0B4
:105B400040FAC0197141039A0E0D0023D717564031
:105B50001A467A40164340D0049A002A29D0029A65
:105B6000012A039A11DC1205C01A9141012636055B
:105B7000001C7141D20F059ED2070093019202963C
:105B80002A46234600F07FFAB1E71605224A0F465F
:105B9000B218C01AB74101210905001C4F41001875
:105BA0007F41114618187941E20F10436D19644185
:105BB00013E0E2076D0815436408C2071443039A13
:105BC00001261205C01A91413605001C7141CE070D
:105BD000400830434908C01851412A46234600F086
:105BE00045FA84E7049801224000C117121A0023E5
:105BF0008B4104983146C417381AA141EFE730B4FD
:105C00000124E407634030BC56E730B40124E407C4
:105C1000614030BC50E700000000E0FFF0B51FB469
:105C200088B00B990998002448400999C00F490091
:105C300049080991C0070B990090490049080B9148
:105C400009990898A646084303D00B990A98084377
:105C500003D1002001460DB0F0BD09980124400099
:105C6000420D4800410D099824050003000B204314
:105C700009900B980003000B20430B9050181A4911
:105C80004018002201901446104601E0032801DA72
:105C9000034600E003239C46C11A0AAE0AE05F00F7
:105CA00008ADED5B4F00F75B7D430027AA187C41F0
:105CB0005B1E491C6145F2DD410004AB5A522104D0
:105CC000120C0A43240C401C0828DFDB01980290C8
:105CD0000099704601910090059B049A07990698D7
:105CE00000F0D1F9B7E700000DFCFFFFF0B50C465E
:105CF0005C4085B0E40FE40703944C000026640880
:105D000059009446490802460296224321D0624631
:105D10000A431ED06200570D4A000E032303550D9F
:105D2000012402462C492405781B1B0B360B401816
:105D300023432643614600901C46501AB44103D3C6
:105D40000098401C009002E0921800985B410028E7
:105D500003DA0020014605B0F0BD0020012109054D
:105D60000746864611E064461D46141BB54106D31E
:105D70006546521BB341744607430C43A646CD0704
:105D800040084908284392185B4105460D43EAD173
:105D90001046184313D060461946504071400843DE
:105DA00003D100220123DB0709E06046101AB3414A
:105DB00002D20122002302E00122D24353100098B4
:105DC00074460105381C6141029C039D001969411C
:105DD00000F04CF9BFE70000FD03000010B5002201
:105DE0009623114600F008F910BD00000EB5C21749
:105DF000C10F5040CA0740180021054B0293019281
:105E000000910A460B4600F03EF903B000BD0000C9
:105E1000330400000EB505490291002100910A46A5
:105E20000B46019100F02FF903B000BD33040000D0
:105E30003EB5CA17CB0F002450405140C0186141F5
:105E4000DA07054B0293019200942246234600F0A4
:105E50001AF903B030BD00003304000040004008D0
:105E6000C10D40020122400AD20580187F2901DAC3
:105E700000207047962903DC9622511AC8407047CB
:105E8000963988407047000070B5CD0F4A0009036D
:105E90000123090B1B0519430B4BED070024520D81
:105EA0009A4201DA002070BD074B34339A4203DC7A
:105EB0009A1A00F075F802E00449511888402C4302
:105EC000F1D0404270BD0000FF030000CDFBFFFF9A
:105ED0004A0009030123090B1B051943094B10B59F
:105EE000520D9A4201DA002010BD064B34339A421B
:105EF00003DC9A1A00F054F810BD03495118884089
:105F000010BD0000FF030000CDFBFFFFC20FD20752
:105F1000400040080BD0C10D0723DB01C918400227
:105F20000905400A1143C208400711437047002089
:105F300001467047CB0FDB07490010B54908024600
:105F40000A4307D00A0D07240903E401090B121BB9
:105F5000002A01DC002010BDC900440F0C43C10021
:105F6000E018D205801800F03FF810BD0122D207DA
:105F7000002800DB101A002900DB511A8842704704
:105F800010B5202A04DB0146203A9140002010BDC4
:105F9000914020239C1A0346E3401943904010BDD2
:105FA00010B5202A04DB0846203AD040002110BD5D
:105FB0000B46D340D0402024A21A914008431946F2
:105FC00010BD10B5202A06DBCB170846203A104139
:105FD000C1170B4306E00B461341D0402024A21A00
:105FE00091400843194610BD002904DA401C4900BD
:105FF00001D140084000704770B40024050C05D161
:106000001024000402D1002922D01124050E01D150
:1060100008340002050F01D1241D0001850F01D1B4
:10602000A41C8000002801DB641C4000002908D06B
:1060300020252E1B0D46F540A14000D0012129430B
:1060400008431B1B0106DB1D000A002B02DA00209F
:1060500070BC7047DB05181880180029F8DA401C5E
:106060004900F5D170BC40084000704710B5002BC6
:1060700008DA0024401C614192185B411A4301D1A7
:106080004008400010BDF0B51FB482B005460C00BA
:1060900003D0084600F087F802E000F084F82030D2
:1060A0000246009021462846FFF76AFF049B059AA6
:1060B00004460F4618431143084303D1204639468E
:1060C00007B0F0BD1846104317D0009840210A1AB7
:1060D00018460599FFF764FF05460E46009A059994
:1060E0000498FFF74DFF084301D0012000E0002095
:1060F000C11705430E432C43374300990E9863059F
:10610000401A7905E40A0A3000220C43FD0A0028EF
:1061100002DA00200146D3E70105101969410C9C01
:106120000D9D00196941FFF7A1FFC9E7064C012544
:10613000064E05E02046E36807C82B439847103415
:10614000B442F7D3ECF7C0FF90770100A0770100CD
:1061500070B58C180578401C6B075B0F01D1037874
:10616000401C2A1106D10278401C03E00678401C2E
:106170000E70491C5B1EF9D12B0705D40023521E5B
:106180000DD40B70491CFAE70378401CCB1A921C03
:1061900003E01D785B1C0D70491C521EF9D5A1420D
:1061A000D8D3002070BD2021020C01D01021104650
:1061B000020A01D008391046020901D0091F104611
:1061C000820801D0891E1046420801D0881E7047FF
:1061D000081A704730B47446641E2578641CAB42BC
:1061E00004D3635D5B00E31830BC18471D46F8E735
:1061F00002E008C8121F08C1002AFAD17047704790
:10620000002001E001C1121F002AFBD170470000ED
:10621000ED0801007DA00000E53B0100E3C800009F
:10622000673C0100A9A60000E99D0000835501001C
:1062300007570100D53000001F1C1F1E1F1E1F1F07
:106240001E1F1E1FFF3F0000FF1F0000FF0F00006A
:10625000FF070000FF030000563335322D4447345A
:10626000502D3235303232342D7769666932303014
:106270002D534348312E350000000000000000007F
:10628000000000E1F5050000000000000000000033
:1062900001000000020000000200000004000000F5
:1062A00003000000060000000400000008000000D9
:1062B000050000000A000000060000000C000000BD
:1062C000070000000E0000000800000010000000A1
:1062D00009000000120000000A0000001400000085
:1062E0000B000000160000000C0000001800000069
:1062F0000D0000001A0000000E0000001C0000004D
:106300000F0000001E000000100000002000000030
:10631000003128313031303131303130310000003E
:10632000000000000000000000000000000000006D
:106330000000000000000000000000000058008085
:106340000090000A000320070670180000000000FB
:10635000000C0020001000F203000000000000000C
:10636000000000000000000040A6A70000000000A0
:1063700000200000000100000000000000000000FC
:1063800000000000000000F7020000000000000014
:1063900000000000000000000000000000000000FD
:1063A0000000008D32B0601504102F0100010306BB
:1063B000070A0C10131415161A1B1C1D1E1F43442C
:1063C0004588888888000020080000000000000040
:1063D0000002900000200080020001023303000050
:1063E0000101020000010202000001030200020498
:1063F0000004000204000401050300040077126B8E
:106400005B1E5D7D137F5F0076082F6D282D0000D9
:10641000000000000000000000000000000000007C
:106420000000000000000101010105050404000056
:106430000000007F7F010100010199993299993292
:10644000111111111111660100000001080800006E
:1064500001011012606000000000009999320200F2
:10646000000002041111113700000020000000108C
:1064700000000000000099999999000000000000B8
:10648000000000000000000000000000000000000C
:1064900000000000000000000000000000000000FC
:1064A0000000000001000095010000010000010053
:1064B00000010000010000010000010000010000D7
:1064C00001000001000001000001000001000000C7
:1064D00000000000000000000000000000000000BC
:1064E00000000000000000000000000000000000AC
:1064F000000000000000000000000000000D00058A
:10650000000000000000000000003000000000005B
:10651000000000000000000000000000000000007B
:106520000000000000000000350100000100000034
:1065300000000000000000000001009999999900F6
:1065400000000066000000000000000000000000E5
:10655000000000000000000000000000000000003B
:10656000000000000000000000000000000000002B
:10657000000000000000000000000000000000001B
:10658000000000000000000000000000000000000B
:1065900000000000000000000000000000000000FB
:1065A00000000000000000000000000000000000EB
:1065B00000000000000000000000000000000000DB
:1065C00000000000000000000000000000000000CB
:1065D00000000000000000000000000101010101B6
:1065E000010101010101010101010101010101019B
:1065F000010101010101010101010101010101018B
:1066000001010101012A0400000200080300120236
:1066100000170300210300210300210300210300D0
:106620002103002103002103002103002103002195
:10663000A473773838387377383838383939393976
:106640002B2B2B6141542B454E544D41542B5A4119
:10665000542B57534C4B41542B574A41503D4154B6
:106660002B574A415041542B5753535349443D41B2
:10667000542B57534B45593D5750413250534B2C97
:106680004145532C41542B4E4554503D5443502CBE
:10669000434C49454E5441542B4E45545041542B84
:1066A0005443504449533D6F6E41542B5443504C16
:1066B0004B41542B574D4F44453D53544141542B6E
:1066C000574D4F44453D415041542B575341503D48
:1066D00041542B57534150612B455252612B6F6BE4
:1066E00025D56A8A2B4572723D2D312B6F6B2B6F2E
:1066F0006B3D6F6E2B6F6B3D6F66662B6F6B3D4412
:106700006973636F6E6E65637465640D0A000000E3
:10671000000400004B66010003000000EB6601006E
:10672000010300004066010001000000D76601007F
:10673000020100004366010003000000EB66010057
:10674000030A00006566010003000000EB6601001B
:10675000041500006F66010003000000EB660100F5
:10676000050700004F66010010000000FB660100F5
:10677000060800005666010003000000EB660100F9
:106780000C0700005E66010003000000EB660100DC
:10679000071200008466010003000000EB660100A0
:1067A000080C00009D66010003000000EB6601007C
:1067B00009080000A966010006000000EE6601005D
:1067C0000B0700009666010003000000EB66010065
:1067D0000D0C0000B166010003000000EB66010033
:1067E0000E0B0000BD66010003000000EB66010017
:1067F0000F080000C866010003000000EB660100FE
:1068000010070000D066010003000000EB660100E5
:106810000A0700004466010003000000EB66010067
:10682000000000007F0038DC7E00F3DB0000664CD7
:1068300000008403DF571E1230FD4AE15CCC9B86CA
:106840000002900004000200000000005507002034
:106850000102900004000200000000005C0700201C
:106860000001010202000200000001004C0E0020A5
:1068700000FF01020600025A000001004C0E002039
:10688000000102020300020000000100400E00208F
:1068900000FF02020900025B00000100400E002020
:1068A000000003020300020000000100300E00207F
:1068B000000103020300020000000100300E00206E
:1068C00000FF03020C00025C00000100300E0020FB
:1068D000000004020300020000000100340E00204A
:1068E000000104020300020000000100340E002039
:1068F00000FF04020C00025C00000100340E0020C6
:10690000000005020300020000000100380E002014
:10691000000105020300020000000100380E002003
:1069200000FF05020C00025C00000100380E002090
:10693000000006020200020000000100500E0020CC
:10694000000106020200020000000100500E0020BB
:1069500000FF06020800025D00000100500E00204A
:10696000010080020300020000000100480E002028
:106970000200800202000200000001004E0E002012
:10698000080080020200020000000100560E0020F4
:106990000B008002040002000011010047000020EB
:1069A0002000800204000200001101006B000020A2
:1069B0002100800204000200001101004B000020B1
:1069C000FF1180027D000220000001000000000095
:1069D000FF2280024D0002200000010000000000A4
:1069E0000180800204000204000001004B1B000033
:1069F0000F8080020202020201000100000000007C
:106A0000FF80800222000220000001000000000040
:106A100001023303040002000000010061070020AE
:106A20000202330304000200000001006507002099
:106A30000302330304000200000001004A070020A3
:106A40000402330304000200000001004E0700208E
:106A500001010004040000030001000022000020E6
:106A60000201000403000003000100001F000020D9
:106A7000060100040500002D00000100001B0000BD
:106A8000070100040500002D00000100061B0000A6
:106A9000080100040500002D000001000C1B00008F
:106AA000090100040500002D00000100121B000078
:106AB0000A0100040F020200010001005C11002025
:106AC0000B01000414020200010001007A110020F1
:106AD0000C0100040F020200010001006B110020F4
:106AE000010200040100002D08000800181B00002E
:106AF000020200040100002D070007001A1B00001D
:106B0000030200040100002D080008001C1B000007
:106B1000040200040100002D060006001E1B0000F8
:106B20000503000401000006000101001A00002016
:106B3000060300040300020000110100DA06002031
:106B4000070300040300020000110100D706002023
:106B50000104000406000006000100000C000020F3
:106B60000204000406000006000100000C000020E2
:106B700009040004030002020100010000000000FB
:106B8000010500040200020000000100D500002001
:106B9000020500040200020000000100D7000020EE
:106BA000030500040201020001000100730100203E
:106BB0000307000401010005010100003E1B000065
:106BC000010B00040200002D01000000291B000041
:106BD000020B00040200002D010000002C1B00002D
:106BE000030B00040200002D010000002F1B000019
:106BF000011000040400020000110100DD06002065
:106C0000021000040400020000110100E10600204F
:106C1000031000040400020000110100E50600203A
:106C200001120004050000050D010000401B0000DA
:106C3000021200040100000500010000461B0000D4
:106C400003120004020000050F000000481B0000B2
:106C5000000001042A00002D0A0101005A1B000057
:106C6000010001042A00002D0B010100851B00001A
:106C7000020001042A00002D0B010100B01B0000DE
:106C8000030001042A00002D0B010100DB1B0000A2
:106C9000040001042A00002D0B010100061C000065
:106CA000050001042A00002D0B010100311C000029
:106CB000060001042A00002D0B0101005C1C0000ED
:106CC000070001042A00002D0B010100871C0000B1
:106CD000080001042A00002D0B010100B21C000075
:106CE000090001042A00002D0B000100851B000093
:106CF0000A0001042A00002D0B0001005A1B0000AD
:106D0000000002042A00002D0A010100DD1C000021
:106D1000010002042A00002D0B010100081D0000E3
:106D2000020002042A00002D0B010100331D0000A7
:106D3000030002042A00002D0B0101005E1D00006B
:106D4000040002042A00002D0B010100891D00002F
:106D5000050002042A00002D0B010100B41D0000F3
:106D6000060002042A00002D0B010100DF1D0000B7
:106D7000070002042A00002D0B0101000A1E00007A
:106D8000080002042A00002D0B010100351E00003E
:106D9000010B09040300000600010100ED060020BC
:106DA000020B09040100000600010100F0060020AA
:106DB0000100800420020202010001000000000026
:106DC0000003CC0407000003010001001F000020A5
:106DD0000301FF040801002501000100000000007C
:106DE0000F01FF040F020200010001005C110020EE
:106DF0000105FF0401010025010001000000000061
:106E000055AAFF0401010126010001000000000055
:106E1000FF020107A100021F0100010000000000A5
:106E2000FF030107A100021F010001000000000094
:106E3000FF0401078F00001F000000000000000099
:106E4000FF050107B400001F000000000000000063
:106E5000FF080107A100021F01000100000000005F
:106E6000FF1101074300021F0100010000000000A4
:106E7000FF1201074300021F010001000000000093
:106E8000FF1301074300021F010001000000000082
:106E9000FF1401074300021F010001000000000071
:106EA000FF1501073F00021F010001000000000064
:106EB000FF1601075500021F01000100000000003D
:106EC000FF1701078500021F0100010000000000FC
:106ED000FF0202080200004701000100000000005C
:106EE000FF0303084000004701000100000000000C
:106EF000FF04040806000047010001000000000034
:106F0000FF05050802000047010001000000000025
:106F1000FF06060801000047010001000000000014
:106F2000FF070708080000470100010000000000FB
:106F3000FF080808010000470100010000000000F0
:106F400006FFEEEE06010050010101000000000006
:106F500007FFEEEE060100500101010000000000F5
:106F600009FFEEEE090100500101010000000000E0
:106F70000CFFEEEE0C0100500101010000000000CA
:106F80000DFFEEEE0D0100500101010000000000B8
:106F90000EFFEEEE0E0100500101010000000000A6
:106FA0000FFFEEEE0F010050010101000000000094
:106FB00010FFEEEE10010050010101000000000082
:106FC00013FFEEEE1301005001010100000000006C
:106FD000AAFFEEEEC901015001010100000000000E
:106FE000ABFFEEEEC90101500101010000000000FD
:106FF000ACFFEEEEC90101500101010000000000EC
:10700000FF0101F510000220000100000000000057
:10701000FF0202F51A00022000010000000000003B
:107020000103AAF537000020000100000000000065
:107030000203AAF537000020000100000000000054
:107040000303AAF537000020000100000000000043
:107050000403AAF537000020000100000000000032
:10706000FF03AAF54F00002000010000000000000F
:10707000FF04AAF54F0000200001000000000000FE
:1070800001AAAAF50800001E00010000000000008F
:10709000DDFFFFFF00000000000000000000000016
:1070A000FFFFFFFF000000000000000000000000E4
:1070B0000100000505000000810000001F0F000016
:1070C000003E0000010100051400000081000000E6
:1070D0001F0F0000053E0000010200051400000023
:1070E000810000001F0F0000193E00000103000591
:1070F00014000000810000001F0F00002D3E000062
:107100000104000514000000810000001F0F0000B2
:10711000413E000001100005180000008100000041
:107120001F0F0000553E000001FF00058100000018
:10713000810000001F0F0000003E0000010001055B
:107140000500000081000000031000009F4D0000BA
:10715000010101051400000081000000031000007F
:10716000A44D000001020105140000008100000090
:1071700003100000B84D00000103010514000000D9
:107180008100000003100000CC4D00000104010547
:10719000140000008100000003100000E04D00001A
:1071A000011001051800000081000000031000001C
:1071B000F44D000001FF0105810000008100000086
:1071C000031000009F4D00000100020505000000B3
:1071D0008100000002110000224F000001010205A1
:1071E000140000008100000002110000274F000081
:1071F00001020205140000008100000002110000DD
:107200003B4F000001030205140000008100000054
:10721000021100004F4F000001040205140000009D
:107220008100000002110000634F00000110020500
:10723000180000008100000002110000774F0000DC
:1072400001FF020581000000810000000211000022
:10725000224F00000100030505000000810000002E
:107260000212000024500000010103051400000078
:1072700081000000021200002950000001020305F5
:107280001400000081000000021200003D500000C8
:107290000103030514000000810000000212000039
:1072A000515000000104030514000000810000009B
:1072B00002120000655000000110030518000000D4
:1072C00081000000021200007950000001FF030558
:1072D0008100000081000000021200002450000024
:1072E00001000405050000000D0000001813000057
:1072F000006C000001010405040000000D00000006
:1073000018130000056C00000102040504000000D1
:107310000D00000018130000096C000001FF0405B7
:107320000D0000000D00000018130000006C0000AC
:1073300001000505050000008100000002140000A6
:107340002651000001010505140000008100000025
:10735000021400002B51000001020505140000007A
:1073600081000000021400003F51000001030505E8
:1073700014000000810000000214000053510000BE
:107380000104050514000000810000000214000043
:107390006751000001100505180000008100000081
:1073A000021400007B51000001FF05058100000070
:1073B00081000000021400002651000001000605B3
:1073C00005000000810000001F1500002852000089
:1073D0000101060514000000810000001F150000D7
:1073E0002D5200000102060514000000810000007B
:1073F0001F150000415200000103060514000000A3
:10740000810000001F150000555200000104060510
:1074100014000000810000001F15000069520000E8
:107420000110060518000000810000001F15000073
:107430007D52000001FF0605810000008100000070
:107440001F15000028520000FFFFFFFF0000000092
:107450000000000000000000000000000000110318
:1074600003000000000000000001000000620000B6
:10747000010011030C0000000C0000000A0D0000C8
:107480000362000000013003030000000000000060
:1074900000010000356B0000010130031200000004
:1074A000120000000A0E0000386B000001FF3303D9
:1074B00017000000170000000A000000E16800004B
:1074C0000100011C0300000000000000000100009A
:1074D000C769000001FF011C12000000120000003B
:1074E0000A0A0000CA6900000100021C0300000033
:1074F00000000000000100007E6A000001FF021C85
:1075000012000000120000000A0B0000816A000057
:107510000100001D03000000000000000001000049
:107520007B62000001FF001D1B0000001B0000002B
:107530000A0400007E6200000100021D030000003A
:1075400000000000000100008C63000001FF021D2C
:107550001B0000001B0000000A0500008F630000F4
:107560000100031D030000000000000000010000F6
:107570009D64000001FF031D1B0000001B000000B4
:107580000A060000A06400000100001E03000000C5
:107590000000000000010000AE65000001FF001EB9
:1075A0001B0000001B0000000A070000B16500007E
:1075B0000100021E030000000000000000010000A6
:1075C000BF66000001FF021E1B0000001B00000040
:1075D0000A080000C26600000100031E030000004C
:1075E0000000000000010000D067000001FF031E42
:1075F0001B0000001B0000000A090000D367000008
:10760000FFFFFFFF0000000000000000000000007E
:107610000000000000000000040000000000000066
:1076200000000000800E00200100000004000000A7
:10763000140000000C010000F00400000001000034
:10764000040000000000000000000000840E002084
:107650000002000004000000000000000000000024
:10766000880E00200003000004000000000000005D
:10767000000000008C0E0020000400000400000048
:107680000000000000000000900E002000FF00003D
:10769000140000000000000000000000800E002028
:1076A00001FF000014000000140000000C010000A5
:1076B000F0040000000001000400000000000000D1
:1076C00000000000800E0020010001000400000006
:1076D000140000000C010000F00400000001010093
:1076E000040000000000000000000000840E0020E4
:1076F0000002010004000000000000000000000083
:10770000880E0020000301000400000000000000BB
:10771000000000008C0E00200004010004000000A6
:107720000000000000000000900E002000FF01009B
:10773000140000000000000000000000800E002087
:1077400001FF010014000000140000000C01000003
:10775000F004000000FF0C00140000000000000016
:1077600000010000AA0E0020FFFFFFFF0000000044
:107770000000000000000000000000000020001BCE
:107780001B1B3B0000000000000000000000830104
:10779000A0770100000000203C02000050610100C1
:1077A00001F013800E1B2074041A70041A64041A6A
:1077B00068041A6C042A78043B6201201A84041AB3
:1077C00088041A8C045A9018221A39082904017462
:1077D00000158054502D4C494E4B5F7377737731B1
:0877E00032333435363738002E
:04000005000030C106
:00000001FF
